Date,P.therm,Temp,SN,War,COban,Pban
01/01/2018,53,6.63,6.231,0,0,0
02/01/2018,52,7.79,5.438,0,0,0
03/01/2018,52.1,9.04,4.553,0,0,0
04/01/2018,52.4,8.38,4.292,0,0,0
05/01/2018,52.5,6.13,5.278,0,0,0
06/01/2018,52.5,3.38,4.872,0,0,0
07/01/2018,52.5,3.33,6.239,0,0,0
08/01/2018,52.7,4.46,6.788,0,0,0
09/01/2018,53.125,5.5,6.272,0,0,0
10/01/2018,52.85,7.38,5.431,0,0,0
11/01/2018,52.65,6.21,5.918,0,0,0
12/01/2018,53.15,6.67,6.254,0,0,0
13/01/2018,53.15,6.08,5.731,0,0,0
14/01/2018,53.15,5.04,4.292,0,0,0
15/01/2018,52.05,8.33,5.975,0,0,0
16/01/2018,51.1,5.71,5.158,0,0,0
17/01/2018,49.9,5.17,4.439,0,0,0
18/01/2018,50.33,7.63,5.034,0,0,0
19/01/2018,49.4,3.54,4.835,0,0,0
20/01/2018,49.4,3.58,3.983,0,0,0
21/01/2018,49.4,4.17,4.265,0,0,0
22/01/2018,49.35,8.92,5.084,0,0,0
23/01/2018,48.65,10.75,5.07,0,0,0
24/01/2018,48.5,9.92,5.487,0,0,0
25/01/2018,47.9,7.25,6.026,0,0,0
26/01/2018,47.25,5.63,5.568,0,0,0
27/01/2018,47.25,7.63,5.438,0,0,0
28/01/2018,47.25,11.54,5.504,0,0,0
29/01/2018,46.9,9.83,5.564,0,0,0
30/01/2018,46.8,4.67,4.592,0,0,0
31/01/2018,48.75,6.58,4.589,0,0,0
01/02/2018,50.15,5.38,5.034,0,0,0
02/02/2018,50.8,5.63,4.404,0,0,0
03/02/2018,50.8,3.88,4.45,0,0,0
04/02/2018,50.8,3.21,5.814,0,0,0
05/02/2018,49.85,2.5,6.321,0,0,0
06/02/2018,51.15,1.67,5.717,0,0,0
07/02/2018,51.1,2.08,5.067,0,0,0
08/02/2018,49.9,3.33,4.401,0,0,0
09/02/2018,50.15,4.67,4.376,0,0,0
10/02/2018,50.15,4.58,4.121,0,0,0
11/02/2018,50.15,4.67,3.422,0,0,0
12/02/2018,50.8,2.92,3.76,0,0,0
13/02/2018,51.9,4.21,4.777,0,0,0
14/02/2018,50,3.38,5.527,0,0,0
15/02/2018,49.15,7.29,5.96,0,0,0
16/02/2018,50.55,4.67,5.649,0,0,0
17/02/2018,50.55,5.54,6.074,0,0,0
18/02/2018,50.55,6.04,5.65,0,0,0
19/02/2018,54.25,8.83,5.535,0,0,0
20/02/2018,57,8.33,6.206,0,0,0
21/02/2018,59.15,4.71,7.097,0,0,0
22/02/2018,61.35,2.96,7.189,0,0,0
23/02/2018,72.5,1.71,7.538,0,0,0
24/02/2018,72.5,2.08,7.625,0,0,0
25/02/2018,72.5,1.46,7.438,0,0,0
26/02/2018,66,-0.25,7.367,0,0,0
27/02/2018,89,-2.38,6.551,0,0,0
28/02/2018,120,-4.08,6.313,0,0,0
01/03/2018,230,-2.5,7.653333333,0,0,0
02/03/2018,78,-0.75,7.001,0,0,0
03/03/2018,78,2.38,6.238,0,0,0
04/03/2018,78,6.25,5.851,0,0,0
05/03/2018,54.45,7.21,5.2,0,0,0
06/03/2018,52.75,7.04,5.425,0,0,0
07/03/2018,51.1,6.33,6.501,0,0,0
08/03/2018,51.9,6.92,7.185,0,0,0
09/03/2018,53.8,6.67,7.415,0,0,0
10/03/2018,53.8,10.71,8.208,0,0,0
11/03/2018,53.8,8.88,7.559,0,0,0
12/03/2018,69.5,8.79,7.403,0,0,0
13/03/2018,66.35,7.71,7.934,0,0,0
14/03/2018,59,8.5,7.764,0,0,0
15/03/2018,64.5,9.75,7.755,0,0,0
16/03/2018,55.5,9.58,8.805,0,0,0
17/03/2018,55.5,0.96,8.383,0,0,0
18/03/2018,55.5,-0.46,7.605,0,0,0
19/03/2018,54.65,1.33,7.589,0,0,0
20/03/2018,56.8,4.63,7.779,0,0,0
21/03/2018,56,5.38,8.296,0,0,0
22/03/2018,54,7.46,8.009,0,0,0
23/03/2018,51.5,8.92,7.55,0,0,0
24/03/2018,51.5,7.88,7.293,0,0,0
25/03/2018,51.5,9.09,7.457,0,0,0
26/03/2018,48.4,8.63,7.89,0,0,0
27/03/2018,49.7,9.13,7.971,0,0,0
28/03/2018,49.3,5.83,7.791,0,0,0
29/03/2018,51.5,4.75,8.75,0,0,0
30/03/2018,51.5,5.5,9.46,0,0,0
31/03/2018,51.5,5.71,9.788,0,0,0
01/04/2018,51.5,5.67,9.406,0,0,0
02/04/2018,51.5,8.29,9.042,0,0,0
03/04/2018,48.9,11,9.993,0,0,0
04/04/2018,49.65,9.58,9.544,0,0,0
05/04/2018,49.2,7.71,9.252,0,0,0
06/04/2018,48.65,10.29,9.039,0,0,0
07/04/2018,48.65,12.04,9.813,0,0,0
08/04/2018,48.65,10,9.535,0,0,0
09/04/2018,50.1,8.88,10.264,0,0,0
10/04/2018,50.4,10.67,10.621,0,0,0
11/04/2018,51.75,9.04,10.351,0,0,0
12/04/2018,53.5,8.13,10.268,0,0,0
13/04/2018,51,8.88,9.989,0,0,0
14/04/2018,51,12.83,9.914,0,0,0
15/04/2018,51,11.5,11.106,0,0,0
16/04/2018,50.3,11.25,10.832,0,0,0
17/04/2018,48.6,14.33,9.979,0,0,0
18/04/2018,49.2,17.63,10.107,0,0,0
19/04/2018,51.15,20,9.733,0,0,0
20/04/2018,50.5,18.67,10.144,0,0,0
21/04/2018,50.5,17.54,10.665,0,0,0
22/04/2018,50.5,16.46,11.418,0,0,0
23/04/2018,51.2,11.75,11.518,0,0,0
24/04/2018,51.1,13.13,11.767,0,0,0
25/04/2018,51.7,11,12.103,0,0,0
26/04/2018,52.5,10.42,11.479,0,0,0
27/04/2018,53.35,9.58,10.426,0,0,0
28/04/2018,53.35,8.42,9.956,0,0,0
29/04/2018,53.35,7.25,9.937,0,0,0
30/04/2018,54.7,7.21,10.751,0,0,0
01/05/2018,53.35,8.25,11.434,0,0,0
02/05/2018,53.15,10,11.646,0,0,0
03/05/2018,52.45,10.92,11.061,0,0,0
04/05/2018,52.75,14.58,10.833,0,0,0
05/05/2018,52.75,15.63,11.472,0,0,0
06/05/2018,52.75,17.5,12.934,0,0,0
07/05/2018,52.75,19.83,13.826,0,0,0
08/05/2018,53,17.92,13.866,0,0,0
09/05/2018,53.55,13.88,13.814,0,0,0
10/05/2018,54,12.79,13.539,0,0,0
11/05/2018,55.05,13.17,14.006,0,0,0
12/05/2018,55.05,11.83,13.262,0,0,0
13/05/2018,55.05,12.79,12.867,0,0,0
14/05/2018,55.75,14.88,12.493,0,0,0
15/05/2018,55,16.79,11.83,0,0,0
16/05/2018,55.9,12.63,11.833,0,0,0
17/05/2018,57.925,11.75,13.222,0,0,0
18/05/2018,56.2,12.29,12.867,0,0,0
19/05/2018,56.2,15,13.092,0,0,0
20/05/2018,56.2,15.33,13.284,0,0,0
21/05/2018,57,16.71,13.467,0,0,0
22/05/2018,57.9,16.75,14.513,0,0,0
23/05/2018,59.75,13.71,15.229,0,0,0
24/05/2018,58.15,13.96,15.234,0,0,0
25/05/2018,55.2,15.25,15.768,0,0,0
26/05/2018,55.2,19.75,15.024,0,0,0
27/05/2018,55.2,20.67,14.617,0,0,0
28/05/2018,55.2,19.38,14.483,0,0,0
29/05/2018,58.2,15.38,14.984,0,0,0
30/05/2018,59.45,15.58,14.863,0,0,0
31/05/2018,58.9,18.71,15.139,0,0,0
01/06/2018,57.1,18.63,15.15,0,0,0
02/06/2018,57.1,18.54,15.393,0,0,0
03/06/2018,57.1,19.79,15.818,0,0,0
04/06/2018,58.55,16.21,15.112,0,0,0
05/06/2018,57.15,14.29,15.172,0,0,0
06/06/2018,56.8,15.83,15.309,0,0,0
07/06/2018,58,16.67,14.967,0,0,0
08/06/2018,55.65,17.75,15.397,0,0,0
09/06/2018,55.65,16.75,15.496,0,0,0
10/06/2018,55.65,18.17,15.609,0,0,0
11/06/2018,55.975,18.46,15.45,0,0,0
12/06/2018,54.1,15.33,15.759,0,0,0
13/06/2018,56.1,16.17,15.438,0,0,0
14/06/2018,55.75,17.67,16.434,0,0,0
15/06/2018,54.65,17.08,16.275,0,0,0
16/06/2018,54.65,16.08,15.734,0,0,0
17/06/2018,54.65,15.46,15.431,0,0,0
18/06/2018,55.3,19.17,16.796,0,0,0
19/06/2018,53.55,20.25,16.664,0,0,0
20/06/2018,52.85,18.75,17.064,0,0,0
21/06/2018,52.2,15.63,17.089,0,0,0
22/06/2018,53.4,16.5,17.956,0,0,0
23/06/2018,53.4,18.08,17.446,0,0,0
24/06/2018,53.4,19.88,17.432,0,0,0
25/06/2018,52.45,21.92,17.346,0,0,0
26/06/2018,53,21.63,17.96,0,0,0
27/06/2018,54.75,19.33,18.404,0,0,0
28/06/2018,54.5,19.42,19.104,0,0,0
29/06/2018,53.65,20.5,18.226,0,0,0
30/06/2018,53.65,20.29,17.716,0,0,0
01/07/2018,53.65,23.42,18.571,0,0,0
02/07/2018,55.6,23.33,19.068,0,0,0
03/07/2018,56.6,20.88,18.275,0,0,0
04/07/2018,56.7,20.25,18.614,0,0,0
05/07/2018,57.5,23.08,18.874,0,0,0
06/07/2018,57.6,23.83,18.73,0,0,0
07/07/2018,57.6,24.5,18.101,0,0,0
08/07/2018,57.6,24.42,18.121,0,0,0
09/07/2018,59.95,23.08,17.98,0,0,0
10/07/2018,59.2,18.67,18.355,0,0,0
11/07/2018,58.15,18.58,18.457,0,0,0
12/07/2018,56.85,19.17,17.568,0,0,0
13/07/2018,58.2,20.58,17.23,0,0,0
14/07/2018,58.2,21.83,17.743,0,0,0
15/07/2018,58.2,22.79,18.185,0,0,0
16/07/2018,57.3,22.63,18.817,0,0,0
17/07/2018,56.95,19,19.113,0,0,0
18/07/2018,58.5,20.04,19.301,0,0,0
19/07/2018,58.5,21.79,19.272,0,0,0
20/07/2018,57.4,21.13,19.768,0,0,0
21/07/2018,57.4,21.63,18.682,0,0,0
22/07/2018,57.4,22.63,18.385,0,0,0
23/07/2018,58.4,25.13,18.651,0,0,0
24/07/2018,58.5,23.5,19.129,0,0,0
25/07/2018,58.35,24.25,19.059,0,0,0
26/07/2018,57.625,26.58,19.472,0,0,0
27/07/2018,57.75,22.92,19.122,0,0,0
28/07/2018,57.75,18.96,19.355,0,0,0
29/07/2018,57.75,18.13,18.45,0,0,0
30/07/2018,58.9,19.83,17.625,0,0,0
31/07/2018,58.15,19.58,17.475,0,0,0
01/08/2018,57.75,19.38,18.389,0,0,0
02/08/2018,58.45,22.29,18.826,0,0,0
03/08/2018,58.9,25.08,18.9,0,0,0
04/08/2018,58.9,23.58,18.746,0,0,0
05/08/2018,58.9,23.21,17.977,0,0,0
06/08/2018,59.1,24.21,18.013,0,0,0
07/08/2018,59.4,23.17,18.281,0,0,0
08/08/2018,59,19.17,18.175,0,0,0
09/08/2018,58.75,15.63,18.213,0,0,0
10/08/2018,58.7,15.21,17.952,0,0,0
11/08/2018,58.7,15.79,17.733,0,0,0
12/08/2018,58.7,18.25,17.777,0,0,0
13/08/2018,61.4,19.5,17.959,0,0,0
14/08/2018,60.4,19.17,17.258,0,0,0
15/08/2018,60.1,19.71,17.429,0,0,0
16/08/2018,61.35,17.63,17.747,0,0,0
17/08/2018,64,17.29,17.676,0,0,0
18/08/2018,64,18.88,18.126,0,0,0
19/08/2018,64,20.75,17.655,0,0,0
20/08/2018,63.6,21.29,17.493,0,0,0
21/08/2018,63.7,21.58,17.565,0,0,0
22/08/2018,64.75,19.04,18.035,0,0,0
23/08/2018,65.55,18.71,18.406,0,0,0
24/08/2018,67,13.96,18.113,0,0,0
25/08/2018,67,13.42,17.229,0,0,0
26/08/2018,67,14.46,17.063,0,0,0
27/08/2018,67,16.67,17.814,0,0,0
28/08/2018,68.9,17.25,17.309,0,0,0
29/08/2018,70,16,17.464,0,0,0
30/08/2018,69.3,15.46,17.223,0,0,0
31/08/2018,68.5,16.54,16.763,0,0,0
01/09/2018,68.5,17.88,16.209,0,0,0
02/09/2018,68.5,18.25,16.175,0,0,0
03/09/2018,70.7,18.29,16.393,0,0,0
04/09/2018,71.7,16.54,16.569,0,0,0
05/09/2018,72.85,17.63,16.954,0,0,0
06/09/2018,73.4,15.71,16.601,0,0,0
07/09/2018,74.7,13.54,16.288,0,0,0
08/09/2018,74.7,15.13,16.313,0,0,0
09/09/2018,74.7,18.29,16.287,0,0,0
10/09/2018,77.35,17.25,16.106,0,0,0
11/09/2018,75.65,19.21,16.259,0,0,0
12/09/2018,72.55,13.54,15.763,0,0,0
13/09/2018,69.9,13,15.88,0,0,0
14/09/2018,72,13.88,15.709,0,0,0
15/09/2018,72,15.46,15.557,0,0,0
16/09/2018,72,18.08,14.57,0,0,0
17/09/2018,71.5,20.46,14.514,0,0,0
18/09/2018,70.9,19.21,13.971,0,0,0
19/09/2018,74.2,19,14.421,0,0,0
20/09/2018,74,18.67,14.688,0,0,0
21/09/2018,77.45,13.79,15.345,0,0,0
22/09/2018,77.45,11.42,14.801,0,0,0
23/09/2018,77.45,10.38,14.418,0,0,0
24/09/2018,79,10.08,14.117,0,0,0
25/09/2018,77.6,10.58,14.648,0,0,0
26/09/2018,74.9,13.92,14.434,0,0,0
27/09/2018,72.75,15.33,14.462,0,0,0
28/09/2018,72,13.46,14.655,0,0,0
29/09/2018,72,11.08,15.458,0,0,0
30/09/2018,72,10.29,15.321,0,0,0
01/10/2018,71.2,11,14.759,0,0,0
02/10/2018,70.8,15.54,14.956,0,0,0
03/10/2018,71,15.21,14.188,0,0,0
04/10/2018,71.2,13.67,13.801,0,0,0
05/10/2018,71.55,15.71,13.45,0,0,0
06/10/2018,71.55,10.25,14.032,0,0,0
07/10/2018,71.55,9.63,13.121,0,0,0
08/10/2018,68.25,11.67,12.93,0,0,0
09/10/2018,67.4,14.13,13.173,0,0,0
10/10/2018,65.5,15.92,13.051,0,0,0
11/10/2018,60.1,16.79,13.158,0,0,0
12/10/2018,67.3,17.88,13.163,0,0,0
13/10/2018,67.3,20.46,12.38,0,0,0
14/10/2018,67.3,13.13,11.85,0,0,0
15/10/2018,67.7,12.33,11.431,0,0,0
16/10/2018,67,15.71,11.767,0,0,0
17/10/2018,65.5,13.54,11.993,0,0,0
18/10/2018,66.25,12.42,11.964,0,0,0
19/10/2018,68.1,9.88,12.014,0,0,0
20/10/2018,68.1,11.25,11.956,0,0,0
21/10/2018,68.1,12.96,11.073,0,0,0
22/10/2018,65.4,10.13,11.367,0,0,0
23/10/2018,64.7,10.63,11.285,0,0,0
24/10/2018,65.25,12.83,12.468,0,0,0
25/10/2018,65,9.71,12.701,0,0,0
26/10/2018,63.1,8.71,11.42,0,0,0
27/10/2018,63.1,4.71,11.74,0,0,0
28/10/2018,63.1,6.08,11.86,0,0,0
29/10/2018,65.1,5.13,11.361,0,0,0
30/10/2018,63.95,6.33,11.23,0,0,0
31/10/2018,62.55,7.17,10.88,0,0,0
01/11/2018,61.2,8.83,11.792,0,0,0
02/11/2018,62,5.33,10.53,0,0,0
03/11/2018,62,8.54,10.16,0,0,0
04/11/2018,62,10.5,10.285,0,0,0
05/11/2018,60.6,11.25,9.972,0,0,0
06/11/2018,60.2,12.63,9.514,0,0,0
07/11/2018,62.9,11.71,9.092,0,0,0
08/11/2018,64,9.5,9.409,0,0,0
09/11/2018,61.3,10.5,8.664,0,0,0
10/11/2018,61.3,10.88,8.654,0,0,0
11/11/2018,61.3,10.46,8.772,0,0,0
12/11/2018,65.9,11.08,9.325,0,0,0
13/11/2018,67.825,10.25,10.23,0,0,0
14/11/2018,68.1,11.13,9.479,0,0,0
15/11/2018,70.2,12.53,9.917,0,0,0
16/11/2018,67.2,10.33,9.584,0,0,0
17/11/2018,67.2,8.58,8.993,0,0,0
18/11/2018,67.2,7.25,9.058,0,0,0
19/11/2018,65.3,6.63,8.951,0,0,0
20/11/2018,66.05,4.13,7.868,0,0,0
21/11/2018,66.65,3.63,8.436,0,0,0
22/11/2018,66.35,2.83,8.38,0,0,0
23/11/2018,66.5,6.79,8.659,0,0,0
24/11/2018,66.5,8.25,7.094,0,0,0
25/11/2018,66.5,7.13,7.042,0,0,0
26/11/2018,64.9,6.13,6.721,0,0,0
27/11/2018,65.3,5.96,6.615,0,0,0
28/11/2018,62.8,12.13,7.651,0,0,0
29/11/2018,64.3,11.96,6.059,0,0,0
30/11/2018,63.4,8.54,6.06,0,0,0
01/12/2018,63.4,10.25,5.057,0,0,0
02/12/2018,63.4,13.63,5.12,0,0,0
03/12/2018,66.15,10.83,5.534,0,0,0
04/12/2018,63.8,5.71,6.016,0,0,0
05/12/2018,62.45,10.25,5.7,0,0,0
06/12/2018,60.5,12,5.655,0,0,0
07/12/2018,61,10.21,5.807,0,0,0
08/12/2018,61,9.58,6.851,0,0,0
09/12/2018,61,8.88,6.33,0,0,0
10/12/2018,63.1,7.21,6.089,0,0,0
11/12/2018,63.85,5.25,5.726,0,0,0
12/12/2018,65,5.65,4.709,0,0,0
13/12/2018,65.5,2.45,4.839,0,0,0
14/12/2018,67,1.63,5.822,0,0,0
15/12/2018,67,3.54,5.864,0,0,0
16/12/2018,67,6.86,6.533,0,0,0
17/12/2018,66.45,7.28,5.98,0,0,0
18/12/2018,64.6,9.46,5.475,0,0,0
19/12/2018,66.35,7.75,6.081,0,0,0
20/12/2018,67.2,8.33,5.138,0,0,0
21/12/2018,66.4,11.3,6.458,0,0,0
22/12/2018,66.4,9.88,7.896,0,0,0
23/12/2018,66.4,9.31,8.383,0,0,0
24/12/2018,66.65,5.39,8.026,0,0,0
25/12/2018,66.65,5.58,7.235,0,0,0
26/12/2018,66.65,7.67,6.759,0,0,0
27/12/2018,61.8,4.5,6.285,0,0,0
28/12/2018,57.5,7.83,5.952,0,0,0
29/12/2018,57.5,9.93,5.019,0,0,0
30/12/2018,57.5,9.32,5.354,0,0,0
31/12/2018,56.25,9.4,5.917,0,0,0
01/01/2019,56.25,8.44,6.81,0,0,0
02/01/2019,60.75,5.06,6.127,0,0,0
03/01/2019,60.1,4.5,5.813,0,0,0
04/01/2019,60,2.7,5.219,0,0,0
05/01/2019,60,4.52,4.467,0,0,0
06/01/2019,60,7.6,5.208,0,0,0
07/01/2019,56.3,9.3,4.639,0,0,0
08/01/2019,59.2,6.88,5.805,0,0,0
09/01/2019,57.85,4.28,6.392,0,0,0
10/01/2019,58.5,3.25,6.122,0,0,0
11/01/2019,58.2,7.35,5.152,0,0,0
12/01/2019,58.2,8.96,5.751,0,0,0
13/01/2019,58.2,10.4,6.338,0,0,0
14/01/2019,57.25,7.98,5.343,0,0,0
15/01/2019,58.2,6.66,3.892,0,0,0
16/01/2019,59.25,7.5,5.854,0,0,0
17/01/2019,61.15,3.1,5.112,0,0,0
18/01/2019,60.4,2.32,4.231,0,0,0
19/01/2019,60.4,4.17,4.689,0,0,0
20/01/2019,60.4,2,3.81,0,0,0
21/01/2019,58.9,2.09,2.987,0,0,0
22/01/2019,58.65,3.4,3.549,0,0,0
23/01/2019,59.5,1.44,5.343,0,0,0
24/01/2019,56.35,1.43,5.012,0,0,0
25/01/2019,55.2,7.34,5.579,0,0,0
26/01/2019,55.2,8.32,5.947,0,0,0
27/01/2019,55.2,5.72,5.314,0,0,0
28/01/2019,55.25,2.78,5.463,0,0,0
29/01/2019,55.4,2,6.154,0,0,0
30/01/2019,54.35,1.11,5.755,0,0,0
31/01/2019,53.25,-0.23,4.517,0,0,0
01/02/2019,50.1,1.7,4.505,0,0,0
02/02/2019,50.1,2.68,5.093,0,0,0
03/02/2019,50.1,2.08,4.592,0,0,0
04/02/2019,51.35,7.17,4.18,0,0,0
05/02/2019,50.15,6.65,5.464,0,0,0
06/02/2019,50.65,9.18,5.475,0,0,0
07/02/2019,49.5,7.89,5.113,0,0,0
08/02/2019,48.55,9.3,4.5,0,0,0
09/02/2019,48.55,8.28,4.001,0,0,0
10/02/2019,48.55,5.88,4.101,0,0,0
11/02/2019,48,5.83,3.933,0,0,0
12/02/2019,46.55,6.49,3.289,0,0,0
13/02/2019,47.9,7.76,3.489,0,0,0
14/02/2019,46.85,6.09,4.66,0,0,0
15/02/2019,47.15,6.62,5.398,0,0,0
16/02/2019,47.15,8.68,6.226,0,0,0
17/02/2019,47.15,9.6,5.912,0,0,0
18/02/2019,46.05,8.04,6.403,0,0,0
19/02/2019,46,7.01,5.946,0,0,0
20/02/2019,46.7,8.83,6.001,0,0,0
21/02/2019,44.8,10.03,6.756,0,0,0
22/02/2019,44.75,8.86,6.676,0,0,0
23/02/2019,44.75,9.88,6.331,0,0,0
24/02/2019,44.75,8.71,6.751,0,0,0
25/02/2019,43.9,9.08,6.829,0,0,0
26/02/2019,43.7,10.22,6.888,0,0,0
27/02/2019,45.1,10.28,6.325,0,0,0
28/02/2019,45,9.28,5.546,0,0,0
01/03/2019,43.8,9.47,5.142,0,0,0
02/03/2019,43.8,10.85,5.68,0,0,0
03/03/2019,43.8,10.88,5.071,0,0,0
04/03/2019,43.9,6.65,5.501,0,0,0
05/03/2019,43.35,7.73,5.379,0,0,0
06/03/2019,42.65,10.46,5.65,0,0,0
07/03/2019,42.8,8.2,6.247,0,0,0
08/03/2019,42.85,7.57,6.93,0,0,0
09/03/2019,42.85,9.38,7.274,0,0,0
10/03/2019,42.85,7.26,8.158,0,0,0
11/03/2019,42.4,7.05,7.913,0,0,0
12/03/2019,40.85,7.11,7.341,0,0,0
13/03/2019,39.25,8.67,7.984,0,0,0
14/03/2019,38.8,10.4,7.693,0,0,0
15/03/2019,38.15,12.25,7.634,0,0,0
16/03/2019,38.15,10.88,8.651,0,0,0
17/03/2019,38.15,6.62,8.541,0,0,0
18/03/2019,38,7.18,7.113,0,0,0
19/03/2019,37.5,9.53,7.026,0,0,0
20/03/2019,37.4,10.88,7.354,0,0,0
21/03/2019,36.7,11.37,8.092,0,0,0
22/03/2019,36.6,10.06,7.859,0,0,0
23/03/2019,36.6,10.14,7.988,0,0,0
24/03/2019,36.6,8.63,8.014,0,0,0
25/03/2019,35.65,8.94,7.974,0,0,0
26/03/2019,36.6,8.15,8.316,0,0,0
27/03/2019,37.35,9.57,8.059,0,0,0
28/03/2019,35.6,10.64,8,0,0,0
29/03/2019,35.4,10.7,8.529,0,0,0
30/03/2019,35.4,12.45,9.052,0,0,0
31/03/2019,35.4,9.51,9.308,0,0,0
01/04/2019,33.775,8.62,9.114,0,0,0
02/04/2019,31.75,5.97,8.48,0,0,0
03/04/2019,32.85,4.43,9.726,0,0,0
04/04/2019,35.35,5.53,9.373,0,0,0
05/04/2019,39.5,9.66,9.039,0,0,0
06/04/2019,39.5,8.68,9.11,0,0,0
07/04/2019,39.5,9.07,10.579,0,0,0
08/04/2019,40.7,9.82,10.301,0,0,0
09/04/2019,43.2,9.3,10.714,0,0,0
10/04/2019,40.7,8.32,10.817,0,0,0
11/04/2019,40.4,6.6,10.664,0,0,0
12/04/2019,39.525,6.28,10.343,0,0,0
13/04/2019,39.525,5.26,9.935,0,0,0
14/04/2019,39.525,5.05,10.069,0,0,0
15/04/2019,36.9,8.95,11.61,0,0,0
16/04/2019,35.45,10.75,11.282,0,0,0
17/04/2019,36.25,12.56,10.346,0,0,0
18/04/2019,33,14.14,10.807,0,0,0
19/04/2019,33,15.77,10.683,0,0,0
20/04/2019,33,16.66,11.323,0,0,0
21/04/2019,33,15.53,11.394,0,0,0
22/04/2019,33,16.65,12.022,0,0,0
23/04/2019,26.7,15.95,11.993,0,0,0
24/04/2019,30.75,13.31,11.742,0,0,0
25/04/2019,32.2,12.3,12.299,0,0,0
26/04/2019,32.35,11.22,11.279,0,0,0
27/04/2019,32.35,9.72,9.964,0,0,0
28/04/2019,32.35,10.62,9.501,0,0,0
29/04/2019,33.2,10.65,9.696,0,0,0
30/04/2019,34,12.11,10.613,0,0,0
01/05/2019,33.3,11.92,11.367,0,0,0
02/05/2019,34.25,11.67,11.421,0,0,0
03/05/2019,34.8,9.81,10.994,0,0,0
04/05/2019,34.8,7.71,10.525,0,0,0
05/05/2019,34.8,7.98,11.155,0,0,0
06/05/2019,34.8,9.13,12.764,0,0,0
07/05/2019,32.5,11.15,13.905,0,0,0
08/05/2019,34.75,10.84,14.041,0,0,0
09/05/2019,37.9,10.22,13.714,0,0,0
10/05/2019,36.38,10.63,13.044,0,0,0
11/05/2019,36.38,11.8,13.297,0,0,0
12/05/2019,36.38,11.46,12.621,0,0,0
13/05/2019,32.55,11.63,12.196,0,0,0
14/05/2019,32.2,12.85,12.151,0,0,0
15/05/2019,31.5,13.63,11.822,0,0,0
16/05/2019,29.9,13.2,12.283,0,0,0
17/05/2019,30,11.71,13.31,0,0,0
18/05/2019,30,13.42,12.896,0,0,0
19/05/2019,30,13.84,13.15,0,0,0
20/05/2019,30.5,15.81,13.83,0,0,0
21/05/2019,30.5,15.59,13.921,0,0,0
22/05/2019,29.6,16,14.901,0,0,0
23/05/2019,29.3,16.88,15.354,0,0,0
24/05/2019,29.45,16.77,15.009,0,0,0
25/05/2019,29.45,18.44,15.46,0,0,0
26/05/2019,29.45,17.36,15.141,0,0,0
27/05/2019,29.45,14.19,15.367,0,0,0
28/05/2019,30.35,12.89,15.125,0,0,0
29/05/2019,28.7,12.54,15.405,0,0,0
30/05/2019,27.5,18.49,14.93,0,0,0
31/05/2019,26.3,17.08,15.13,0,0,0
01/06/2019,26.3,19.18,15.238,0,0,0
02/06/2019,26.3,19.7,15.71,0,0,0
03/06/2019,26,15.67,16.143,0,0,0
04/06/2019,29.5,14.25,15.62,0,0,0
05/06/2019,28.5,15.15,15.218,0,0,0
06/06/2019,27,14.73,15.125,0,0,0
07/06/2019,28.5,14.13,15.033,0,0,0
08/06/2019,28.5,14.67,15.472,0,0,0
09/06/2019,28.5,14.22,15.288,0,0,0
10/06/2019,30.25,11.57,15.188,0,0,0
11/06/2019,29.3,13.3,15.346,0,0,0
12/06/2019,29.2,12.78,15.963,0,0,0
13/06/2019,30.6,12.68,15.642,0,0,0
14/06/2019,29,15.26,16.718,0,0,0
15/06/2019,29,14.79,16.563,0,0,0
16/06/2019,29,15.21,15.959,0,0,0
17/06/2019,31,16.68,15.601,0,0,0
18/06/2019,30.2,15.55,16.738,0,0,0
19/06/2019,27,16.63,17.031,0,0,0
20/06/2019,27,16.14,17.401,0,0,0
21/06/2019,27.6,16.01,17.431,0,0,0
22/06/2019,27.6,17.11,17.902,0,0,0
23/06/2019,27.6,18.55,17.275,0,0,0
24/06/2019,27.08,21.16,17.569,0,0,0
25/06/2019,25.25,19.95,17.584,0,0,0
26/06/2019,25.85,17.52,18.364,0,0,0
27/06/2019,24.6,17.64,18.917,0,0,0
28/06/2019,24.2,18.06,19.279,0,0,0
29/06/2019,24.2,24.14,18.239,0,0,0
30/06/2019,24.2,19.74,18.012,0,0,0
01/07/2019,26.7,17.98,18.854,0,0,0
02/07/2019,27.2,17.25,19.368,0,0,0
03/07/2019,27.3,18.34,18.862,0,0,0
04/07/2019,26.9,19.8,19.073,0,0,0
05/07/2019,29.6,21.51,19.245,0,0,0
06/07/2019,29.6,19.77,19.205,0,0,0
07/07/2019,29.6,17.45,18.934,0,0,0
08/07/2019,32.2,18.21,19.05,0,0,0
09/07/2019,31.175,19.45,18.814,0,0,0
10/07/2019,33.65,20.92,19.155,0,0,0
11/07/2019,34.8,20.91,18.591,0,0,0
12/07/2019,35.9,20.85,17.826,0,0,0
13/07/2019,35.9,19.31,17.751,0,0,0
14/07/2019,35.9,17.67,18.184,0,0,0
15/07/2019,34.6,17.11,18.53,0,0,0
16/07/2019,31,19.68,19.033,0,0,0
17/07/2019,30.1,20.38,19.609,0,0,0
18/07/2019,29.1,19.05,19.559,0,0,0
19/07/2019,28.8,16.62,19.576,0,0,0
20/07/2019,28.8,19.63,20.13,0,0,0
21/07/2019,28.8,18.6,19.282,0,0,0
22/07/2019,27.3,21.53,18.948,0,0,0
23/07/2019,29.4,25.31,19.089,0,0,0
24/07/2019,27.65,25.79,19.496,0,0,0
25/07/2019,27.9,28.38,19.255,0,0,0
26/07/2019,27.6,22.24,19.784,0,0,0
27/07/2019,27.6,17.96,19.572,0,0,0
28/07/2019,27.6,18.91,19.318,0,0,0
29/07/2019,26.825,20.09,18.029,0,0,0
30/07/2019,27.3,18.27,17.55,0,0,0
31/07/2019,28.75,19.43,17.429,0,0,0
01/08/2019,31.5,19.88,18.226,0,0,0
02/08/2019,31.5,20.67,18.868,0,0,0
03/08/2019,31.5,19.87,19.221,0,0,0
04/08/2019,31.5,20.12,19.471,0,0,0
05/08/2019,28.15,19.98,18.614,0,0,0
06/08/2019,25,19.09,18.634,0,0,0
07/08/2019,27,18.49,18.598,0,0,0
08/08/2019,27.5,19.31,18.563,0,0,0
09/08/2019,28.85,20.25,18.442,0,0,0
10/08/2019,28.85,18.8,17.89,0,0,0
11/08/2019,28.85,18.43,17.471,0,0,0
12/08/2019,29.6,15.29,17.673,0,0,0
13/08/2019,30.25,16.56,18.138,0,0,0
14/08/2019,28.55,15.63,17.666,0,0,0
15/08/2019,26.25,18.55,17.775,0,0,0
16/08/2019,25.9,16.02,18.139,0,0,0
17/08/2019,25.9,18.5,17.722,0,0,0
18/08/2019,25.9,16.8,18.13,0,0,0
19/08/2019,26,16.5,17.847,0,0,0
20/08/2019,27.3,16.23,17.855,0,0,0
21/08/2019,28.15,16.64,17.973,0,0,0
22/08/2019,28.7,18.08,18.38,0,0,0
23/08/2019,26.5,20.14,18.656,0,0,0
24/08/2019,26.5,21.57,18.409,0,0,0
25/08/2019,26.5,24.23,16.917,0,0,0
26/08/2019,26.5,24.37,16.676,0,0,0
27/08/2019,27.7,24.38,17.456,0,0,0
28/08/2019,27.75,20.3,17.18,0,0,0
29/08/2019,26.85,17.85,17.372,0,0,0
30/08/2019,25.25,18.27,16.81,0,0,0
31/08/2019,25.25,16.88,16.184,0,0,0
01/09/2019,25.25,15.71,16.138,0,0,0
02/09/2019,19.5,15.8,16.334,0,0,0
03/09/2019,19.5,17.88,16.672,0,0,0
04/09/2019,20.1,17.15,16.852,0,0,0
05/09/2019,20.75,14.86,17.05,0,0,0
06/09/2019,25.1,13.57,16.847,0,0,0
07/09/2019,25.1,14.51,16.342,0,0,0
08/09/2019,25.1,12.69,16.146,0,0,0
09/09/2019,26.25,13.68,16.275,0,0,0
10/09/2019,29,15.43,16.372,0,0,0
11/09/2019,27.4,17.31,16.33,0,0,0
12/09/2019,28.8,18.36,15.984,0,0,0
13/09/2019,30,17.62,15.838,0,0,0
14/09/2019,30,16.25,15.542,0,0,0
15/09/2019,30,18.13,15.457,0,0,0
16/09/2019,30.75,17.06,14.733,0,0,0
17/09/2019,26,15.1,15.009,0,0,0
18/09/2019,25,13.76,14.609,0,0,0
19/09/2019,24.7,14.77,14.938,0,0,0
20/09/2019,25.4,15.3,15.225,0,0,0
21/09/2019,25.4,17.97,15.837,0,0,0
22/09/2019,25.4,17.46,14.822,0,0,0
23/09/2019,26,15.84,14.114,0,0,0
24/09/2019,27.1,17.01,13.776,0,0,0
25/09/2019,24.75,17.01,14.239,0,0,0
26/09/2019,25,16.82,13.979,0,0,0
27/09/2019,24.8,15.21,14.425,0,0,0
28/09/2019,24.8,15.25,14.821,0,0,0
29/09/2019,24.8,16.09,15.479,0,0,0
30/09/2019,21.75,14.05,15.079,0,0,0
01/10/2019,26.6,15.86,14.417,0,0,0
02/10/2019,27,10.67,14.735,0,0,0
03/10/2019,31,9.37,14.746,0,0,0
04/10/2019,32,13.4,14.426,0,0,0
05/10/2019,32,13.56,13.838,0,0,0
06/10/2019,32,14.4,14.27,0,0,0
07/10/2019,26,13.21,13.038,0,0,0
08/10/2019,25.3,13.82,12.355,0,0,0
09/10/2019,21.45,12.25,13.127,0,0,0
10/10/2019,22.15,13.12,13.318,0,0,0
11/10/2019,23.2,15.49,13.367,0,0,0
12/10/2019,23.2,11.75,13.496,0,0,0
13/10/2019,23.2,13.59,12.726,0,0,0
14/10/2019,29,12.79,12.454,0,0,0
15/10/2019,28.5,12.92,11.456,0,0,0
16/10/2019,26.9,12.85,11.587,0,0,0
17/10/2019,26.1,11.45,12.476,0,0,0
18/10/2019,27.5,11.78,12.368,0,0,0
19/10/2019,27.5,11.36,12.214,0,0,0
20/10/2019,27.5,9.05,11.756,0,0,0
21/10/2019,22.6,11.67,10.852,0,0,0
22/10/2019,24.7,10.31,11.642,0,0,0
23/10/2019,27,9.84,11.469,0,0,0
24/10/2019,27,11.94,12.348,0,0,0
25/10/2019,28.5,13.38,12.838,0,0,0
26/10/2019,28.5,13.99,11.42,0,0,0
27/10/2019,28.5,7.42,11.327,0,0,0
28/10/2019,27,6.6,11.593,0,0,0
29/10/2019,25.5,8.93,11.548,0,0,0
30/10/2019,23.1,9.27,11.426,0,0,0
31/10/2019,23.1,8.45,11.038,0,0,0
01/11/2019,29,13.45,12.017,0,0,0
02/11/2019,29,11.8,10.771,0,0,0
03/11/2019,29,9.08,9.726,0,0,0
04/11/2019,32,9.03,10.164,0,0,0
05/11/2019,34.6,9.86,9.947,0,0,0
06/11/2019,33.8,6.96,9.572,0,0,0
07/11/2019,36.8,7.78,9.351,0,0,0
08/11/2019,38.15,4.83,9.58,0,0,0
09/11/2019,38.15,4.93,8.514,0,0,0
10/11/2019,38.15,7.5,8.691,0,0,0
11/11/2019,36.5,7.27,8.856,0,0,0
12/11/2019,39.025,6.33,9.471,0,0,0
13/11/2019,38.7,6.08,10.559,0,0,0
14/11/2019,38,5.99,9.65,0,0,0
15/11/2019,38.75,6.3,9.801,0,0,0
16/11/2019,38.75,6.16,9.537,0,0,0
17/11/2019,38.75,5.46,8.926,0,0,0
18/11/2019,38.3,6.27,9.262,0,0,0
19/11/2019,39.45,2.69,8.693,0,0,0
20/11/2019,39.8,4.97,7.61,0,0,0
21/11/2019,41.2,4.63,7.732,0,0,0
22/11/2019,42,8,7.897,0,0,0
23/11/2019,42,9.4,8.538,0,0,0
24/11/2019,42,9.53,7.452,0,0,0
25/11/2019,42.75,10.55,7.409,0,0,0
26/11/2019,40.65,11.35,7.013,0,0,0
27/11/2019,41.6,10.32,6.595,0,0,0
28/11/2019,41,8.8,7.309,0,0,0
29/11/2019,40.5,4.74,6.693,0,0,0
30/11/2019,40.5,3.58,6.956,0,0,0
01/12/2019,40.5,4.05,5.44,0,0,0
02/12/2019,39.1,2.62,5.757,0,0,0
03/12/2019,36.75,4.95,6.618,0,0,0
04/12/2019,34.25,3.57,6.97,0,0,0
05/12/2019,31.15,4.68,5.667,0,0,0
06/12/2019,33.35,11.07,6.147,0,0,0
07/12/2019,33.35,9.54,6.499,0,0,0
08/12/2019,33.35,9.34,7.684,0,0,0
09/12/2019,33.5,7.44,6.921,0,0,0
10/12/2019,32.75,7.03,6.602,0,0,0
11/12/2019,31.95,5.31,6.264,0,0,0
12/12/2019,33.5,5.44,5.005,0,0,0
13/12/2019,31,7.13,5.037,0,0,0
14/12/2019,31,6.43,5.496,0,0,0
15/12/2019,31,7.37,5.652,0,0,0
16/12/2019,32.3,7.39,6.399,0,0,0
17/12/2019,33,6.86,6.316,0,0,0
18/12/2019,31.925,6.66,5.632,0,0,0
19/12/2019,33.9,11.63,6.056,0,0,0
20/12/2019,32.15,8.09,5.225,0,0,0
21/12/2019,32.15,8.24,6.128,0,0,0
22/12/2019,32.15,7.95,7.909,0,0,0
23/12/2019,29.5,8.18,8.25,0,0,0
24/12/2019,27.325,9.37,8.015,0,0,0
25/12/2019,27.325,5.16,6.982,0,0,0
26/12/2019,27.325,6.98,6.671,0,0,0
27/12/2019,28.1,7.14,6.698,0,0,0
28/12/2019,28.1,8.01,6.177,0,0,0
29/12/2019,28.1,7.23,5.56,0,0,0
30/12/2019,29.8,6.42,6.23,0,0,0
31/12/2019,27.15,7.32,6.924,0,0,0
01/01/2020,27.15,5.41,7.737,0,0,0
02/01/2020,26.85,8.85,6.771,0,0,0
03/01/2020,29.4,8.46,6.052,0,0,0
04/01/2020,29.4,6.48,5.748,0,0,0
05/01/2020,29.4,7.84,4.9,0,0,0
06/01/2020,28.15,7.7,5.602,0,0,0
07/01/2020,28.1,9.31,5.616,0,0,0
08/01/2020,28.25,11.31,6.718,0,0,0
09/01/2020,29.3,11,6.822,0,0,0
10/01/2020,29.4,6.3,6.654,0,0,0
11/01/2020,29.4,9.39,5.756,0,0,0
12/01/2020,29.4,9.4,5.911,0,0,0
13/01/2020,30.7,8.25,6.342,0,0,0
14/01/2020,28.7,10.18,5.65,0,0,0
15/01/2020,28.85,8.34,4.452,0,0,0
16/01/2020,28.8,9.23,5.928,0,0,0
17/01/2020,28.3,7.51,5.12,0,0,0
18/01/2020,28.3,3.68,3.674,0,0,0
19/01/2020,28.3,2.82,4.35,0,0,0
20/01/2020,27.7,2.95,3.723,0,0,0
21/01/2020,27.95,2.2,2.816,0,0,0
22/01/2020,27,5.51,3.375,0,0,0
23/01/2020,27,7.43,4.916,0,0,0
24/01/2020,27.4,6.41,4.656,0,0,0
25/01/2020,27.4,6.15,5.443,0,0,0
26/01/2020,27.4,8.35,6.002,0,0,0
27/01/2020,28,7.22,5.533,0,0,0
28/01/2020,28.9,4.7,5.614,0,0,0
29/01/2020,26.55,6.05,5.815,0,0,0
30/01/2020,24.7,10.1,5.588,0,0,0
31/01/2020,25.05,10.76,4.249,0,0,0
01/02/2020,25.05,10.07,4.182,0,0,0
02/02/2020,25.05,10.46,5.23,0,0,0
03/02/2020,25,9.18,4.948,0,0,0
04/02/2020,24.9,6.99,4.338,0,0,0
05/02/2020,24.875,4.72,6.039,0,0,0
06/02/2020,23.2,3.36,5.936,0,0,0
07/02/2020,22.65,5.5,5.889,0,0,0
08/02/2020,22.65,9.1,5.151,0,0,0
09/02/2020,22.65,10.54,4.698,0,0,0
10/02/2020,22.2,7.01,4.583,0,0,0
11/02/2020,21.5,5.51,4.188,0,0,0
12/02/2020,21.65,5.42,3.564,0,0,0
13/02/2020,20.7,7.34,3.98,0,0,0
14/02/2020,21.4,7.46,5.007,0,0,0
15/02/2020,21.4,11.61,5.744,0,0,0
16/02/2020,21.4,9.85,6.3,0,0,0
17/02/2020,22.85,7.88,6.051,0,0,0
18/02/2020,23.9,6.9,6.484,0,0,0
19/02/2020,25.375,6.41,5.879,0,0,0
20/02/2020,23.3,7.7,5.948,0,0,0
21/02/2020,23.3,7.87,6.885,0,0,0
22/02/2020,23.3,11.02,6.9,0,0,0
23/02/2020,23.3,11.03,6.334,0,0,0
24/02/2020,24.5,9.61,6.797,0,0,0
25/02/2020,24.75,5.86,6.704,0,0,0
26/02/2020,25,4.74,6.913,0,0,0
27/02/2020,24.275,4.45,6.564,0,0,0
28/02/2020,25,6.5,5.624,0,0,0
29/02/2020,25,7.47,5.303,0,0,0
01/03/2020,25,6.69,5.844,0,0,0
02/03/2020,25.2,5.63,5.502,0,0,0
03/03/2020,25.95,5.12,5.793,0,0,0
04/03/2020,25.25,4.77,5.565,0,0,0
05/03/2020,25.4,5.74,6.019,0,0,0
06/03/2020,23.15,5.64,6.818,0,0,0
07/03/2020,23.15,7.76,6.833,0,0,0
08/03/2020,23.15,9.82,7.331,0,0,0
09/03/2020,22.6,7.71,8.388,0,0,0
10/03/2020,24,12.7,7.743,0,0,0
11/03/2020,24.6,11.08,7.233,0,0,0
12/03/2020,24.775,7.52,7.599,0,0,0
13/03/2020,24.25,8.53,7.647,0,0,0
14/03/2020,24.25,9.58,7.674,0,0,0
15/03/2020,24.25,9.4,8.888,0,0,0
16/03/2020,23,7.51,8.646,0,0,0
17/03/2020,23.55,9.17,6.887,0,0,0
18/03/2020,24.45,11.66,6.794,0,0,0
19/03/2020,24.8,7.11,7.528,0,0,0
20/03/2020,23.2,7.23,8.397,0,0,0
21/03/2020,23.2,6.56,8.146,0,0,0
22/03/2020,23.2,6.88,7.94,0,0,0
23/03/2020,21.775,6.85,8.178,0,0,0
24/03/2020,21.7,8.06,8.054,0,0,0
25/03/2020,22.55,7.03,8.264,0,0,0
26/03/2020,20,6.89,7.945,0,0,0
27/03/2020,19,7.5,8.274,0,0,0
28/03/2020,19,7.29,8.985,0,0,0
29/03/2020,19,5.13,9.574,0,0,0
30/03/2020,18.8,5.65,9.77,0,0,0
31/03/2020,17.8,6.2,8.994,0,0,0
01/04/2020,16.7,5.17,8.3,0,0,0
02/04/2020,17.5,9.07,9.281,0,0,0
03/04/2020,16,9.53,9.003,0,0,0
04/04/2020,16,9.42,8.446,0,0,0
05/04/2020,16,13.85,8.984,0,0,0
06/04/2020,15.925,13.27,10.201,0,0,0
07/04/2020,16.85,12.23,10.141,0,0,0
08/04/2020,15.45,14.78,10.538,0,0,0
09/04/2020,14.8,15.08,10.522,0,0,0
10/04/2020,14.8,15.2,10.317,0,0,0
11/04/2020,14.8,16.31,9.982,0,0,0
12/04/2020,14.8,16.76,9.509,0,0,0
13/04/2020,14.8,9.22,9.366,0,0,0
14/04/2020,14.875,8.07,10.84,0,0,0
15/04/2020,14,10.33,10.731,0,0,0
16/04/2020,14.3,12.43,10.15,0,0,0
17/04/2020,13.2,10.78,11.067,0,0,0
18/04/2020,13.2,9.94,11.055,0,0,0
19/04/2020,13.2,11.76,11.862,0,0,0
20/04/2020,10.4,12.03,11.889,0,0,0
21/04/2020,9.75,13.45,12.154,0,0,0
22/04/2020,11.825,14.22,12.266,0,0,0
23/04/2020,11.6,15.17,12.037,0,0,0
24/04/2020,10.75,14.77,12.263,0,0,0
25/04/2020,10.75,11.13,11.305,0,0,0
26/04/2020,10.75,12.8,9.944,0,0,0
27/04/2020,12.8,12.76,9.644,0,0,0
28/04/2020,13.9,8.53,9.979,0,0,0
29/04/2020,12.7,10.31,10.603,0,0,0
30/04/2020,13.1,9.33,11.286,0,0,0
01/05/2020,13.5,10.6,11.134,0,0,0
02/05/2020,13.5,11.9,10.811,0,0,0
03/05/2020,13.5,11.87,10.298,0,0,0
04/05/2020,14.15,12.99,10.947,0,0,0
05/05/2020,13.7,11.04,12.129,0,0,0
06/05/2020,14,11.83,13.314,0,0,0
07/05/2020,14.275,14.81,13.885,0,0,0
08/05/2020,14.275,17.6,13.59,0,0,0
09/05/2020,14.275,17.83,12.858,0,0,0
10/05/2020,14.275,12.53,13.035,0,0,0
11/05/2020,13.25,8.43,12.588,0,0,0
12/05/2020,12.825,9.33,12.138,0,0,0
13/05/2020,12.7,9.56,12.072,0,0,0
14/05/2020,12.8,8.89,11.607,0,0,0
15/05/2020,12.4,11.33,12.358,0,0,0
16/05/2020,12.4,12.7,13.417,0,0,0
17/05/2020,12.4,14.16,12.917,0,0,0
18/05/2020,11.3,16.59,13.196,0,0,0
19/05/2020,11.4,17.27,13.876,0,0,0
20/05/2020,10.55,20.11,14.119,0,0,0
21/05/2020,8.75,19.88,15.064,0,0,0
22/05/2020,7.25,18.49,15.512,0,0,0
23/05/2020,7.25,14.65,15.084,0,0,0
24/05/2020,7.25,16.44,15.354,0,0,0
25/05/2020,7.25,18.46,15.202,0,0,0
26/05/2020,10.1,19.4,15.703,0,0,0
27/05/2020,9.2,19.85,15.286,0,0,0
28/05/2020,8.575,16.75,14.886,0,0,0
29/05/2020,9,17.37,14.342,0,0,0
30/05/2020,9,17.71,15.237,0,0,0
31/05/2020,9,18.62,15.088,0,0,0
01/06/2020,8.65,18.98,15.67,0,0,0
02/06/2020,10.9,19.17,16.196,0,0,0
03/06/2020,12.25,15.6,15.541,0,0,0
04/06/2020,12,12.9,15.289,0,0,0
05/06/2020,13,12.92,15.436,0,0,0
06/06/2020,13,10.57,15.302,0,0,0
07/06/2020,13,12.5,15.618,0,0,0
08/06/2020,12.7,13.43,15.455,0,0,0
09/06/2020,12.3,14.97,15.285,0,0,0
10/06/2020,11.25,13.27,15.12,0,0,0
11/06/2020,12.4,14.46,15.73,0,0,0
12/06/2020,13.7,16.56,15.37,0,0,0
13/06/2020,13.7,17.87,16.153,0,0,0
14/06/2020,13.7,18.16,16.201,0,0,0
15/06/2020,14.2,17.36,15.634,0,0,0
16/06/2020,13.625,18.08,15.372,0,0,0
17/06/2020,14,17.53,16.693,0,0,0
18/06/2020,13.975,15.68,17.015,0,0,0
19/06/2020,14.2,15.84,17.493,0,0,0
20/06/2020,14.2,16.88,17.516,0,0,0
21/06/2020,14.2,17.45,17.861,0,0,0
22/06/2020,13.6,17.13,17.203,0,0,0
23/06/2020,14.75,20.88,17.561,0,0,0
24/06/2020,14.8,24.17,17.867,0,0,0
25/06/2020,13.5,25.6,18.371,0,0,0
26/06/2020,13.575,23.49,18.698,0,0,0
27/06/2020,13.575,17.09,18.985,0,0,0
28/06/2020,13.575,16.04,17.866,0,0,0
29/06/2020,14.85,15.36,18.005,0,0,0
30/06/2020,15.5,16.02,18.457,0,0,0
01/07/2020,15.33,17.32,18.853,0,0,0
02/07/2020,13.85,16.27,18.308,0,0,0
03/07/2020,13.55,16.41,18.778,0,0,0
04/07/2020,13.55,17.85,19.208,0,0,0
05/07/2020,13.55,18.13,19.398,0,0,0
06/07/2020,14.8,15.9,19.219,0,0,0
07/07/2020,15.3,15.56,19.162,0,0,0
08/07/2020,14.75,16.57,19.072,0,0,0
09/07/2020,13.6,17.43,19.512,0,0,0
10/07/2020,12.85,15.5,19.041,0,0,0
11/07/2020,12.85,15.41,18.221,0,0,0
12/07/2020,12.85,17.7,17.978,0,0,0
13/07/2020,12.1,18.76,18.323,0,0,0
14/07/2020,12.9,17.85,18.493,0,0,0
15/07/2020,12.9,16.34,18.944,0,0,0
16/07/2020,12.6,19.17,19.769,0,0,0
17/07/2020,13,21.84,19.972,0,0,0
18/07/2020,13,19.51,19.843,0,0,0
19/07/2020,13,17.38,20.146,0,0,0
20/07/2020,12.8,16.9,19.541,0,0,0
21/07/2020,12.55,16.9,19.075,0,0,0
22/07/2020,12.85,19.6,19.454,0,0,0
23/07/2020,13.2,19.3,20.323,0,0,0
24/07/2020,12.6,19.95,20.184,0,0,0
25/07/2020,12.6,18.27,20.83,0,0,0
26/07/2020,12.6,16.86,20.104,0,0,0
27/07/2020,11.55,17.59,19.422,0,0,0
28/07/2020,12.9,16.48,18.228,0,0,0
29/07/2020,13.25,17.06,17.855,0,0,0
30/07/2020,12.85,21.39,17.702,0,0,0
31/07/2020,13.4,25.5,18.465,0,0,0
01/08/2020,13.4,21.06,19.11,0,0,0
02/08/2020,13.4,18.39,19.621,0,0,0
03/08/2020,15.875,18.27,19.708,0,0,0
04/08/2020,15.8,17.5,18.713,0,0,0
05/08/2020,16.2,20.15,18.424,0,0,0
06/08/2020,18.45,22.94,18.594,0,0,0
07/08/2020,19.5,25.41,18.624,0,0,0
08/08/2020,19.5,25.26,18.494,0,0,0
09/08/2020,19.5,24.13,17.869,0,0,0
10/08/2020,19.4,26.46,17.509,0,0,0
11/08/2020,18.7,27.78,17.499,0,0,0
12/08/2020,18.15,26.6,17.729,0,0,0
13/08/2020,18.6,22.58,17.393,0,0,0
14/08/2020,19.85,18.52,17.442,0,0,0
15/08/2020,19.85,18.17,18.077,0,0,0
16/08/2020,19.85,20.51,17.42,0,0,0
17/08/2020,20.5,18.46,18.13,0,0,0
18/08/2020,22.4,19.62,17.656,0,0,0
19/08/2020,21.3,18.11,17.422,0,0,0
20/08/2020,19.65,20.4,17.675,0,0,0
21/08/2020,18.95,20.03,18.431,0,0,0
22/08/2020,18.95,18.78,18.739,0,0,0
23/08/2020,18.95,17.8,18.302,0,0,0
24/08/2020,22.4,16.98,17.182,0,0,0
25/08/2020,24,17.71,17.47,0,0,0
26/08/2020,25.4,18.06,18.13,0,0,0
27/08/2020,24.7,15.13,17.768,0,0,0
28/08/2020,26.9,14.6,17.806,0,0,0
29/08/2020,26.9,13.03,17.082,0,0,0
30/08/2020,26.9,13.93,16.478,0,0,0
31/08/2020,26.9,13.24,15.818,0,0,0
01/09/2020,28.3,13.65,16.163,0,0,0
02/09/2020,27.1,14.25,16.698,0,0,0
03/09/2020,28.7,18.45,17.077,0,0,0
04/09/2020,30.5,15.88,17.273,0,0,0
05/09/2020,30.5,14.3,16.841,0,0,0
06/09/2020,30.5,14.6,16.099,0,0,0
07/09/2020,28.7,15.51,15.822,0,0,0
08/09/2020,28,19.6,15.436,0,0,0
09/09/2020,28.3,17.7,16.073,0,0,0
10/09/2020,27.8,14.65,16.39,0,0,0
11/09/2020,27.35,14.05,16.157,0,0,0
12/09/2020,27.35,16.88,15.991,0,0,0
13/09/2020,27.35,18.24,15.879,0,0,0
14/09/2020,27.8,19.53,15.515,0,0,0
15/09/2020,28.5,21.53,15.038,0,0,0
16/09/2020,30.2,21.12,15.144,0,0,0
17/09/2020,29.15,16.71,14.665,0,0,0
18/09/2020,29.75,15.91,14.768,0,0,0
19/09/2020,29.75,18.13,14.894,0,0,0
20/09/2020,29.75,18.55,15.659,0,0,0
21/09/2020,30.15,17.71,15.115,0,0,0
22/09/2020,31.25,17.72,14.231,0,0,0
23/09/2020,32.5,15.65,13.66,0,0,0
24/09/2020,31.55,10.69,14.398,0,0,0
25/09/2020,32.1,10.74,14.247,0,0,0
26/09/2020,32.1,10.29,14.703,0,0,0
27/09/2020,32.1,12.34,14.863,0,0,0
28/09/2020,34.5,13.15,15.496,0,0,0
29/09/2020,33.9,15.72,15.113,0,0,0
30/09/2020,33.8,13.67,14.251,0,0,0
01/10/2020,33.15,12.4,14.854,0,0,0
02/10/2020,34.5,12.06,14.559,0,0,0
03/10/2020,34.5,13.62,13.913,0,0,0
04/10/2020,34.5,9.82,13.853,0,0,0
05/10/2020,36.3,12.63,14.297,0,0,0
06/10/2020,35.8,13.05,12.799,0,0,0
07/10/2020,38,12.38,12.318,0,0,0
08/10/2020,38.55,14.68,13.392,0,0,0
09/10/2020,38.4,9.48,13.46,0,0,0
10/10/2020,38.4,9.27,13.212,0,0,0
11/10/2020,38.4,10.72,13.737,0,0,0
12/10/2020,38.65,9.45,12.751,0,0,0
13/10/2020,37.15,9.36,12.767,0,0,0
14/10/2020,38.75,10.65,11.577,0,0,0
15/10/2020,39.9,9.74,11.671,0,0,0
16/10/2020,40.4,9.85,12.536,0,0,0
17/10/2020,40.4,10.48,12.542,0,0,0
18/10/2020,40.4,9.55,12.646,0,0,0
19/10/2020,39.75,11.69,12.029,0,0,0
20/10/2020,40.1,14.82,10.728,0,0,0
21/10/2020,40.25,14.46,11.563,0,0,0
22/10/2020,41.6,13.15,11.287,0,0,0
23/10/2020,41.5,12.22,12.09,0,0,0
24/10/2020,41.5,12.03,12.515,0,0,0
25/10/2020,41.5,9.6,11.418,0,0,0
26/10/2020,40,9.27,11.422,0,0,0
27/10/2020,40.3,9.52,10.914,0,0,0
28/10/2020,38.15,9.89,10.841,0,0,0
29/10/2020,37.75,11.95,11.027,0,0,0
30/10/2020,35.65,15.19,10.698,0,0,0
31/10/2020,35.65,12.97,11.516,0,0,0
01/11/2020,35.65,14.5,10.828,0,0,0
02/11/2020,36,13.67,9.973,0,0,0
03/11/2020,37.75,7.73,9.997,0,0,0
04/11/2020,37.6,5.46,9.979,0,0,0
05/11/2020,38.5,4.35,9.554,0,0,0
06/11/2020,36.4,6.32,9.051,0,0,0
07/11/2020,36.4,9.18,9.583,0,0,0
08/11/2020,36.4,11.99,8.222,0,0,0
09/11/2020,37.675,12.83,8.651,0,0,0
10/11/2020,36.4,11.87,9.039,0,0,0
11/11/2020,36.7,11.25,9.344,0,0,0
12/11/2020,36.8,10.74,10.038,0,0,0
13/11/2020,37.95,10.6,8.995,0,0,0
14/11/2020,37.95,12.39,9.258,0,0,0
15/11/2020,37.95,10.68,9.125,0,0,0
16/11/2020,37.4,10.77,8.367,0,0,0
17/11/2020,35.1,12.86,8.7,0,0,0
18/11/2020,36.8,11.88,7.962,0,0,0
19/11/2020,35.7,7.8,6.537,0,0,0
20/11/2020,34.25,6.16,6.95,0,0,0
21/11/2020,34.25,11.11,7.097,0,0,0
22/11/2020,34.25,9,8.338,0,0,0
23/11/2020,36.7,6.06,7.279,0,0,0
24/11/2020,38.625,10.28,7.087,0,0,0
25/11/2020,39.3,9.7,7.022,0,0,0
26/11/2020,40.45,5.91,6.897,0,0,0
27/11/2020,41.1,2.96,7.658,0,0,0
28/11/2020,41.1,8.7,6.894,0,0,0
29/11/2020,41.1,7.78,6.705,0,0,0
30/11/2020,42.55,6.99,5.231,0,0,0
01/12/2020,42.25,5.07,5.804,0,0,0
02/12/2020,43.7,4.78,6.026,0,0,0
03/12/2020,40,4.86,6.844,0,0,0
04/12/2020,42.8,4.08,5.541,0,0,0
05/12/2020,42.8,5.06,5.607,0,0,0
06/12/2020,42.8,2.63,6.552,0,0,0
07/12/2020,41,1.13,7.763,0,0,0
08/12/2020,40.5,1.66,7.042,0,0,0
09/12/2020,40.85,5.28,6.275,0,0,0
10/12/2020,42.8,6.98,6.142,0,0,0
11/12/2020,43.25,8.68,5.073,0,0,0
12/12/2020,43.25,7.19,5.023,0,0,0
13/12/2020,43.25,6.9,5.721,0,0,0
14/12/2020,46.1,10.35,5.957,0,0,0
15/12/2020,45.5,8.43,6.948,0,0,0
16/12/2020,44.925,8.79,7.005,0,0,0
17/12/2020,43.2,8.73,6.118,0,0,0
18/12/2020,42.5,11.2,6.689,0,0,0
19/12/2020,42.5,9.98,6.484,0,0,0
20/12/2020,42.5,7.48,6.883,0,0,0
21/12/2020,47.2,10.97,8.708,0,0,0
22/12/2020,48.55,11.27,8.999,0,0,0
23/12/2020,47,10.63,8.841,0,0,0
24/12/2020,50.5,4.68,7.494,0,0,0
25/12/2020,50.5,1.82,6.887,0,0,0
26/12/2020,50.5,6.48,6.704,0,0,0
27/12/2020,50.5,5.85,6.366,0,0,0
28/12/2020,50.5,1.22,6.165,0,0,0
29/12/2020,56.6,2.56,6.549,0,0,0
30/12/2020,56.05,1.43,7.124,0,0,0
31/12/2020,57.35,-0.23,8.131,0,0,0
01/01/2021,57.35,1.42,7.237,0,0,0
02/01/2021,57.35,3.25,6.745,0,0,0
03/01/2021,57.35,3.49,6.569,0,0,0
04/01/2021,59.5,3.81,5.827,0,0,0
05/01/2021,54.3,3.26,6.503,0,0,0
06/01/2021,55,3.28,6.407,0,0,0
07/01/2021,59,0.05,7.874,0,0,0
08/01/2021,62.18,0.3,8.099,0,0,0
09/01/2021,62.18,0.07,7.858,0,0,0
10/01/2021,62.18,0.85,6.24,0,0,0
11/01/2021,67.5,6.77,6.779,0,0,0
12/01/2021,77.5,6.47,7.165,0,0,0
13/01/2021,68,6.13,6.421,0,0,0
14/01/2021,64.525,5.79,5.249,0,0,0
15/01/2021,57.75,1.05,6.379,0,0,0
16/01/2021,57.75,4.86,5.439,0,0,0
17/01/2021,57.75,5.21,3.946,0,0,0
18/01/2021,53,5,4.235,0,0,0
19/01/2021,56,10.39,3.363,0,0,0
20/01/2021,56.25,9.72,2.782,0,0,0
21/01/2021,57,5.95,3.191,0,0,0
22/01/2021,60.6,3.59,4.717,0,0,0
23/01/2021,60.6,1.35,4.82,0,0,0
24/01/2021,60.6,-0.16,5.655,0,0,0
25/01/2021,56.8,0.93,6.267,0,0,0
26/01/2021,54.5,2.06,6.26,0,0,0
27/01/2021,54,8.31,6.119,0,0,0
28/01/2021,58,10.77,5.739,0,0,0
29/01/2021,55,9.31,5.843,0,0,0
30/01/2021,55,5.03,5.221,0,0,0
31/01/2021,55,2.55,5.241,0,0,0
01/02/2021,49.3,3.54,6.074,0,0,0
02/02/2021,50,9.13,5.406,0,0,0
03/02/2021,47,8.2,4.773,0,0,0
04/02/2021,49.4,6.13,5.984,0,0,0
05/02/2021,50.75,7.32,5.691,0,0,0
06/02/2021,50.75,5.87,5.721,0,0,0
07/02/2021,50.75,1.77,5.297,0,0,0
08/02/2021,58,-1.27,5.445,0,0,0
09/02/2021,54.3,-0.51,5.416,0,0,0
10/02/2021,51.8,-0.03,4.739,0,0,0
11/02/2021,48.5,-1.21,3.994,0,0,0
12/02/2021,46.4,-0.64,4.226,0,0,0
13/02/2021,46.4,-1.07,5.499,0,0,0
14/02/2021,46.4,2.61,6.19,0,0,0
15/02/2021,41.9,8.66,7.265,0,0,0
16/02/2021,43.2,9.21,6.628,0,0,0
17/02/2021,42.35,9.55,6.876,0,0,0
18/02/2021,44.5,8.17,6.261,0,0,0
19/02/2021,42.85,8.35,6.343,0,0,0
20/02/2021,42.85,12.76,7.53,0,0,0
21/02/2021,42.85,11.19,7.345,0,0,0
22/02/2021,39.5,8.63,7.111,0,0,0
23/02/2021,40.5,10.09,7.587,0,0,0
24/02/2021,41,13.12,6.923,0,0,0
25/02/2021,40.7,9.84,6.728,0,0,0
26/02/2021,41.25,6.03,6.43,0,0,0
27/02/2021,41.25,6.12,5.315,0,0,0
28/02/2021,41.25,5.41,5.407,0,0,0
01/03/2021,43.6,6.01,6.05,0,0,0
02/03/2021,44.4,5.29,5.552,0,0,0
03/03/2021,44,5.76,5.909,0,0,0
04/03/2021,44.6,4.99,5.663,0,0,0
05/03/2021,45,4.31,6.264,0,0,0
06/03/2021,45,3.8,6.999,0,0,0
07/03/2021,45,3.17,7.521,0,0,0
08/03/2021,44.5,4.86,8.046,0,0,0
09/03/2021,44,7.02,8.651,0,0,0
10/03/2021,46,7.97,8.613,0,0,0
11/03/2021,46.8,9.26,7.928,0,0,0
12/03/2021,47.3,7.33,7.809,0,0,0
13/03/2021,47.3,6.8,7.842,0,0,0
14/03/2021,47.3,7.65,7.807,0,0,0
15/03/2021,44.9,9.6,9.061,0,0,0
16/03/2021,43,10.07,8.68,0,0,0
17/03/2021,46,7.32,6.916,0,0,0
18/03/2021,44.375,7.54,6.864,0,0,0
19/03/2021,42.35,8.13,7.172,0,0,0
20/03/2021,42.35,7.5,7.949,0,0,0
21/03/2021,42.35,8.73,7.902,0,0,0
22/03/2021,44.1,8.41,7.778,0,0,0
23/03/2021,45.4,7.27,8.088,0,0,0
24/03/2021,45.65,8.31,7.66,0,0,0
25/03/2021,45.3,8.54,7.838,0,0,0
26/03/2021,46.7,8.84,7.667,0,0,0
27/03/2021,46.7,7.5,8.061,0,0,0
28/03/2021,46.7,10.7,8.805,0,0,0
29/03/2021,46.35,12.75,9.087,0,0,0
30/03/2021,46.5,13.04,9.493,0,0,0
31/03/2021,48.45,13.95,9.118,0,0,0
01/04/2021,50,10.77,8.25,0,0,0
02/04/2021,50,7.23,9.446,0,0,0
03/04/2021,50,7.2,9.185,0,0,0
04/04/2021,50,8.31,8.6,0,0,0
05/04/2021,50.25,6.2,9.473,0,0,0
06/04/2021,53.75,2.84,10.37,0,0,0
07/04/2021,52.95,2.88,10.397,0,0,0
08/04/2021,52.75,7.57,10.945,0,0,0
09/04/2021,51.6,8.77,10.784,0,0,0
10/04/2021,51.6,6.74,10.654,0,0,0
11/04/2021,51.6,4.64,10.663,0,0,0
12/04/2021,57.25,4.4,10.239,0,0,0
13/04/2021,55.9,5.93,9.35,0,0,0
14/04/2021,55.5,7.04,10.78,0,0,0
15/04/2021,56.5,6.16,10.893,0,0,0
16/04/2021,56.2,6.29,10.518,0,0,0
17/04/2021,56.2,7.35,11.166,0,0,0
18/04/2021,56.2,8.93,10.924,0,0,0
19/04/2021,56,10.37,11.867,0,0,0
20/04/2021,55.7,11.07,12.113,0,0,0
21/04/2021,56.5,10.02,12.703,0,0,0
22/04/2021,56.025,8.25,12.78,0,0,0
23/04/2021,53.25,9.4,12.479,0,0,0
24/04/2021,53.25,10.39,12.427,0,0,0
25/04/2021,53.25,8.98,11.085,0,0,0
26/04/2021,54.4,8.05,9.949,0,0,0
27/04/2021,58,9.28,9.499,0,0,0
28/04/2021,58.75,8.54,9.34,0,0,0
29/04/2021,60.525,7.75,10.221,0,0,0
30/04/2021,63.5,7.99,11.048,0,0,0
01/05/2021,63.5,7.84,10.986,0,0,0
02/05/2021,63.5,9.05,11.163,0,0,0
03/05/2021,63,9.5,10.706,0,0,0
04/05/2021,64.6,10.18,11.475,0,0,0
05/05/2021,65.55,7.03,12.216,0,0,0
06/05/2021,68,6.97,13.393,0,0,0
07/05/2021,61.5,9.34,14.462,0,0,0
08/05/2021,61.5,12.06,14.525,0,0,0
09/05/2021,61.5,15.88,13.749,0,0,0
10/05/2021,65.5,12.73,13.38,0,0,0
11/05/2021,66.75,11.93,12.698,0,0,0
12/05/2021,67,12.73,12.342,0,0,0
13/05/2021,68.5,11.13,12.17,0,0,0
14/05/2021,68.85,10.42,11.471,0,0,0
15/05/2021,68.85,10.9,12.258,0,0,0
16/05/2021,68.85,10.88,13.574,0,0,0
17/05/2021,67.5,11.6,13.079,0,0,0
18/05/2021,64.5,10.98,13.505,0,0,0
19/05/2021,59.75,12.2,14.107,0,0,0
20/05/2021,63,10.92,14.48,0,0,0
21/05/2021,66.5,11.43,15.135,0,0,0
22/05/2021,66.5,10.67,15.611,0,0,0
23/05/2021,66.5,9.64,14.516,0,0,0
24/05/2021,63.3,9.75,14.885,0,0,0
25/05/2021,68.75,10.62,15.515,0,0,0
26/05/2021,70.3,11.37,16.33,0,0,0
27/05/2021,65.25,14.74,15.988,0,0,0
28/05/2021,61.9,14.98,15.169,0,0,0
29/05/2021,61.9,15.71,14.758,0,0,0
30/05/2021,61.9,13.25,15.495,0,0,0
31/05/2021,61.9,15.76,15.612,0,0,0
01/06/2021,63.45,18.77,16.272,0,0,0
02/06/2021,62.1,20.4,16.488,0,0,0
03/06/2021,63.2,19.13,15.405,0,0,0
04/06/2021,62.85,14.69,14.629,0,0,0
05/06/2021,62.85,17.15,14.599,0,0,0
06/06/2021,62.85,17.53,14.517,0,0,0
07/06/2021,63.75,17.94,15.31,0,0,0
08/06/2021,67.95,18.73,15.252,0,0,0
09/06/2021,67.8,19.23,15.107,0,0,0
10/06/2021,67.5,19.5,14.864,0,0,0
11/06/2021,67.75,19.77,15.638,0,0,0
12/06/2021,67.75,19.25,15.488,0,0,0
13/06/2021,67.75,21.36,16.344,0,0,0
14/06/2021,70.75,21.89,16.484,0,0,0
15/06/2021,69.6,20.18,15.978,0,0,0
16/06/2021,68.15,21.75,15.713,0,0,0
17/06/2021,70.4,19.17,16.796,0,0,0
18/06/2021,74.65,14.41,17.125,0,0,0
19/06/2021,74.65,13.72,17.814,0,0,0
20/06/2021,74.65,14.81,17.837,0,0,0
21/06/2021,74.95,13.05,17.71,0,0,0
22/06/2021,78.15,14,16.833,0,0,0
23/06/2021,78.3,15.43,17.553,0,0,0
24/06/2021,81.275,16.27,18.246,0,0,0
25/06/2021,81.9,17.57,18.818,0,0,0
26/06/2021,81.9,18.04,18.897,0,0,0
27/06/2021,81.9,17.49,18.423,0,0,0
28/06/2021,79.75,16.88,17.266,0,0,0
29/06/2021,83.25,15.93,17.391,0,0,0
30/06/2021,88.55,15.19,18.009,0,0,0
01/07/2021,92.4,17.29,18.568,0,0,0
02/07/2021,88.5,18.8,17.756,0,0,0
03/07/2021,88.5,18.28,18.356,0,0,0
04/07/2021,88.5,17.11,19.118,0,0,0
05/07/2021,92.5,16.37,19.311,0,0,0
06/07/2021,82.5,15.34,19.017,0,0,0
07/07/2021,81.1,16.68,18.822,0,0,0
08/07/2021,84.2,17.12,18.654,0,0,0
09/07/2021,91,18.6,18.972,0,0,0
10/07/2021,91,15.98,18.358,0,0,0
11/07/2021,91,16.34,17.629,0,0,0
12/07/2021,84.5,17.01,17.81,0,0,0
13/07/2021,86.8,18.5,18.482,0,0,0
14/07/2021,83.35,19.84,18.461,0,0,0
15/07/2021,84,18.39,18.807,0,0,0
16/07/2021,86.45,19.5,19.94,0,0,0
17/07/2021,86.45,22.23,20.452,0,0,0
18/07/2021,86.45,24.21,19.969,0,0,0
19/07/2021,89.75,24.65,19.705,0,0,0
20/07/2021,89,23.96,18.981,0,0,0
21/07/2021,90.5,24.16,18.777,0,0,0
22/07/2021,90,23.23,19.71,0,0,0
23/07/2021,89.05,19.56,20.545,0,0,0
24/07/2021,89.05,18.4,20.279,0,0,0
25/07/2021,89.05,18.58,20.632,0,0,0
26/07/2021,95,19.93,19.769,0,0,0
27/07/2021,95.75,18.93,19.093,0,0,0
28/07/2021,101,16.85,17.976,0,0,0
29/07/2021,104.75,16.98,17.773,0,0,0
30/07/2021,103.75,16.23,18.087,0,0,0
31/07/2021,103.75,16.21,19.048,0,0,0
01/08/2021,103.75,16.95,19.341,0,0,0
02/08/2021,106.5,15.87,19.581,0,0,0
03/08/2021,105.5,16.23,19.768,0,0,0
04/08/2021,105.7,17.44,18.821,0,0,0
05/08/2021,105,16.67,18.789,0,0,0
06/08/2021,105.5,17.36,19.196,0,0,0
07/08/2021,105.5,16.03,19.332,0,0,0
08/08/2021,105.5,16.04,19.103,0,0,0
09/08/2021,108.9,15.94,18.374,0,0,0
10/08/2021,109.6,17.65,18.476,0,0,0
11/08/2021,111.5,18.13,18.614,0,0,0
12/08/2021,108.3,18.22,18.876,0,0,0
13/08/2021,107.75,17.66,18.247,0,0,0
14/08/2021,107.75,19.04,17.844,0,0,0
15/08/2021,107.75,18.24,18.127,0,0,0
16/08/2021,114.25,16.06,17.679,0,0,0
17/08/2021,114.2,15.65,18.238,0,0,0
18/08/2021,111.05,18.36,17.955,0,0,0
19/08/2021,100.2,17.2,17.545,0,0,0
20/08/2021,103,17.58,17.802,0,0,0
21/08/2021,103,17.73,18.38,0,0,0
22/08/2021,103,18.36,18.654,0,0,0
23/08/2021,105,17.64,18.303,0,0,0
24/08/2021,113,17.47,17.313,0,0,0
25/08/2021,112.5,17.3,17.845,0,0,0
26/08/2021,113.25,17.05,18.178,0,0,0
27/08/2021,117.2,15.71,17.831,0,0,0
28/08/2021,117.2,15.76,17.749,0,0,0
29/08/2021,117.2,15.05,16.914,0,0,0
30/08/2021,117.2,15.6,16.492,0,0,0
31/08/2021,124.25,15.61,15.646,0,0,0
01/09/2021,125.5,16.08,16.003,0,0,0
02/09/2021,130.8,16.69,16.581,0,0,0
03/09/2021,130,17.39,17.276,0,0,0
04/09/2021,130,16.6,17.261,0,0,0
05/09/2021,130,18.79,16.608,0,0,0
06/09/2021,132,20.38,15.909,0,0,0
07/09/2021,134,22,15.785,0,0,0
08/09/2021,137,22.18,15.813,0,0,0
09/09/2021,140,18.83,16.23,0,0,0
10/09/2021,141,18.43,16.092,0,0,0
11/09/2021,141,18.62,15.766,0,0,0
12/09/2021,141,16.54,16.183,0,0,0
13/09/2021,155,17,16.224,0,0,0
14/09/2021,163,17.43,15.78,0,0,0
15/09/2021,171,17.18,15.858,0,0,0
16/09/2021,154.5,16.14,15.873,0,0,0
17/09/2021,158,16.57,15.211,0,0,0
18/09/2021,158,17.96,15.188,0,0,0
19/09/2021,158,15.95,15.236,0,0,0
20/09/2021,184,15.71,15.785,0,0,0
21/09/2021,180,15.38,15.323,0,0,0
22/09/2021,170.5,15.21,14.336,0,0,0
23/09/2021,169,16.04,13.708,0,0,0
24/09/2021,154.75,17.15,14.304,0,0,0
25/09/2021,154.75,16.74,14.383,0,0,0
26/09/2021,154.75,16.64,14.686,0,0,0
27/09/2021,173.25,15.98,14.764,0,0,0
28/09/2021,156,13.47,15.336,0,0,0
29/09/2021,198,11.74,15.239,0,0,0
30/09/2021,203,12.36,14.426,0,0,0
01/10/2021,199,14.68,14.656,0,0,0
02/10/2021,199,11.45,14.486,0,0,0
03/10/2021,199,12.48,13.758,0,0,0
04/10/2021,216,12.74,13.443,0,0,0
05/10/2021,277,12.67,14.031,0,0,0
06/10/2021,231,12.7,12.662,0,0,0
07/10/2021,225,14.84,12.198,0,0,0
08/10/2021,195,15.37,13.168,0,0,0
09/10/2021,195,12.29,12.808,0,0,0
10/10/2021,195,12.94,12.568,0,0,0
11/10/2021,205,11.01,13.426,0,0,0
12/10/2021,207,11.45,12.492,0,0,0
13/10/2021,218.5,11.96,12.615,0,0,0
14/10/2021,236.75,13.59,11.604,0,0,0
15/10/2021,203,12.73,11.57,0,0,0
16/10/2021,203,11.59,12.613,0,0,0
17/10/2021,203,12.25,12.79,0,0,0
18/10/2021,201.975,12.65,12.655,0,0,0
19/10/2021,202,17.72,12.265,0,0,0
20/10/2021,212,15.49,11.689,0,0,0
21/10/2021,203,9.3,12.401,0,0,0
22/10/2021,205,9.29,11.739,0,0,0
23/10/2021,205,11.19,12.316,0,0,0
24/10/2021,205,12.76,13.08,0,0,0
25/10/2021,205.5,12.05,11.845,0,0,0
26/10/2021,212,12.63,11.474,0,0,0
27/10/2021,199.1,15.3,10.495,0,0,0
28/10/2021,172,13.82,10.522,0,0,0
29/10/2021,144,13.2,10.939,0,0,0
30/10/2021,144,11.04,11.092,0,0,0
31/10/2021,144,11.4,11.705,0,0,0
01/11/2021,155,9.84,11.22,0,0,0
02/11/2021,175,6.08,9.998,0,0,0
03/11/2021,193,5.73,9.278,0,0,0
04/11/2021,178,7.15,8.912,0,0,0
05/11/2021,180,5.77,8.501,0,0,0
06/11/2021,180,11.06,8.804,0,0,0
07/11/2021,180,9.94,9.888,0,0,0
08/11/2021,185.25,8.18,8.758,0,0,0
09/11/2021,169,12.69,9.213,0,0,0
10/11/2021,166,11.87,9.788,0,0,0
11/11/2021,177.8,11.21,9.519,0,0,0
12/11/2021,179.5,11.48,10.045,0,0,0
13/11/2021,179.5,11.79,9.126,0,0,0
14/11/2021,179.5,11.46,9.843,0,0,0
15/11/2021,202.5,9.88,9.889,0,0,0
16/11/2021,223,7.29,9.136,0,0,0
17/11/2021,222,8.1,9.319,0,0,0
18/11/2021,216,9.54,8.379,0,0,0
19/11/2021,214.25,11.21,6.65,0,0,0
20/11/2021,214.25,10.01,6.908,0,0,0
21/11/2021,214.25,6.58,7.55,0,0,0
22/11/2021,212,5.72,8.609,0,0,0
23/11/2021,229,4.2,7.31,0,0,0
24/11/2021,233.5,5.19,7.882,0,0,0
25/11/2021,230,4.72,7.859,0,0,0
26/11/2021,222,5.27,7.505,0,0,0
27/11/2021,222,3.65,8.062,0,0,0
28/11/2021,222,1.4,7.943,0,0,0
29/11/2021,234,0.97,7.458,0,0,0
30/11/2021,229,9.85,5.842,0,0,0
01/12/2021,239,8.18,6.324,0,0,0
02/12/2021,231.5,2.34,6.592,0,0,0
03/12/2021,228,5.95,7.618,0,0,0
04/12/2021,228,6.09,5.549,0,0,0
05/12/2021,228,5.56,5.95,0,0,0
06/12/2021,229,4.22,6.998,0,0,0
07/12/2021,240.8,4.76,7.918,0,0,0
08/12/2021,259,6.47,7.175,0,0,0
09/12/2021,250.5,6.36,6.736,0,0,0
10/12/2021,262,5.98,6.382,0,0,0
11/12/2021,262,5.58,5.249,0,0,0
12/12/2021,262,11.88,5.375,0,0,0
13/12/2021,293.5,10.39,6.203,0,0,0
14/12/2021,318,10.95,6.625,0,0,0
15/12/2021,315,11.83,7.558,0,0,0
16/12/2021,344,10.91,7.501,0,0,0
17/12/2021,339,8.93,7.308,0,0,0
18/12/2021,339,8.2,8.042,0,0,0
19/12/2021,339,4.97,7.795,0,0,0
20/12/2021,376,6.19,7.923,0,0,0
21/12/2021,457.5,4.3,9.705,0,0,0
22/12/2021,401,1.71,10.043,0,0,0
23/12/2021,300.5,7.86,9.812,0,0,0
24/12/2021,230,8.53,7.895,0,0,0
25/12/2021,230,7.18,7.273,0,0,0
26/12/2021,230,7.31,7.548,0,0,0
27/12/2021,253,9.1,6.634,0,0,0
28/12/2021,253,10.02,5.745,0,0,0
29/12/2021,181,11.13,6.005,0,0,0
30/12/2021,173.5,14,6.609,0,0,0
31/12/2021,130,13.58,7.529,0,0,0
01/01/2022,130,13.23,6.833,0,0,0
02/01/2022,130,11.38,6.787,0,0,0
03/01/2022,130,9.63,6.776,0,0,0
04/01/2022,199,5,5.916,0,0,0
05/01/2022,230,2.91,6.271,0,0,0
06/01/2022,230,2.18,6.343,0,0,0
07/01/2022,200,3.77,7.233,0,0,0
08/01/2022,200,6.15,7.475,0,0,0
09/01/2022,200,4.28,7.565,0,0,0
10/01/2022,205.95,5.37,5.875,0,0,0
11/01/2022,190,9.17,6.881,0,0,0
12/01/2022,178,4.02,6.854,0,0,0
13/01/2022,204,2.54,5.796,0,0,0
14/01/2022,203.5,2.25,4.778,0,0,0
15/01/2022,203.5,2.65,5.442,0,0,0
16/01/2022,203.5,5.8,4.817,0,0,0
17/01/2022,184.5,3.46,3.725,0,0,0
18/01/2022,191,1.97,4.268,0,0,0
19/01/2022,180,6.04,4.139,0,0,0
20/01/2022,183,2.99,3.379,0,0,0
21/01/2022,190,1.8,3.603,0,0,0
22/01/2022,190,4.82,4.676,0,0,0
23/01/2022,190,5.43,4.288,0,0,0
24/01/2022,222,4.29,5.085,0,0,0
25/01/2022,220,2.4,5.706,0,0,0
26/01/2022,215.75,5.1,5.916,0,0,0
27/01/2022,214.75,8.12,6.742,0,0,0
28/01/2022,220,5.35,6.737,0,0,0
29/01/2022,220,10.46,6.699,0,0,0
30/01/2022,220,4.88,5.541,0,0,0
31/01/2022,195,6.72,5.408,0,0,0
01/02/2022,175,10.22,6.074,0,0,0
02/02/2022,176,9.82,5.656,0,0,0
03/02/2022,184,8.98,4.847,0,0,0
04/02/2022,190.5,6.95,5.509,0,0,0
05/02/2022,190.5,6.66,5.231,0,0,0
06/02/2022,190.5,9.15,5.233,0,0,0
07/02/2022,182,6.9,4.611,0,0,0
08/02/2022,178,11.05,4.851,0,0,0
09/02/2022,183,10.14,4.552,0,0,0
10/02/2022,177.5,5.92,3.773,0,0,0
11/02/2022,181,3.97,2.877,0,0,0
12/02/2022,181,5.46,3.341,0,0,0
13/02/2022,181,8.28,4.654,0,0,0
14/02/2022,188.5,7.3,5.847,0,0,0
15/02/2022,160,7.17,7.548,0,0,0
16/02/2022,164.5,12.66,6.916,0,0,0
17/02/2022,175.75,9.68,7.198,0,0,0
18/02/2022,173,8.17,6.603,0,0,0
19/02/2022,173,6.11,6.653,0,0,0
20/02/2022,173,10.09,8.318,0,0,0
21/02/2022,171,7.87,7.922,0,0,0
22/02/2022,188,9.16,7.382,0,0,0
23/02/2022,210,6.9,7.754,0,0,0
24/02/2022,284,6.34,7.235,1,0,0
25/02/2022,209,6.15,6.633,1,0,0
26/02/2022,209,4.81,6.204,1,0,0
27/02/2022,209,5.93,5.427,1,0,0
28/02/2022,235,8.77,5.535,1,0,0
01/03/2022,296,8.13,7.586666667,1,0,0
02/03/2022,402,6.79,6.247,1,0,0
03/03/2022,350,8.43,5.706,1,0,0
04/03/2022,468,7.32,6.277,1,0,0
05/03/2022,468,6.11,5.837,1,0,0
06/03/2022,468,5.26,6.282,1,0,0
07/03/2022,512,4.6,6.929,1,0,0
08/03/2022,490,6.36,7.413,1,0,0
09/03/2022,342,10.03,8.074,1,0,0
10/03/2022,285,11.71,8.628,1,0,0
11/03/2022,318,10.23,8.502,1,0,0
12/03/2022,318,9.65,8.058,1,0,0
13/03/2022,318,9.37,7.584,1,0,0
14/03/2022,262,7.86,7.672,1,0,0
15/03/2022,267.25,10.06,7.943,1,0,0
16/03/2022,235,9.05,9.067,1,0,0
17/03/2022,246,8.07,8.879,1,0,0
18/03/2022,220,9.12,7.019,1,0,0
19/03/2022,220,10.04,7.051,1,0,0
20/03/2022,220,7.87,7.468,1,0,0
21/03/2022,214,8.61,7.97,1,0,0
22/03/2022,222,13.23,7.892,1,0,0
23/03/2022,246,12.11,7.515,1,0,0
24/03/2022,232,11.09,7.773,1,0,0
25/03/2022,218.5,10.73,7.508,1,0,0
26/03/2022,218.5,11.21,7.575,1,0,0
27/03/2022,218.5,8.71,7.58,1,0,0
28/03/2022,250,9.53,7.837,1,0,0
29/03/2022,253,9.51,8.879,1,0,0
30/03/2022,278,7.48,9.383,1,0,0
31/03/2022,285,3.74,9.759,1,0,0
01/04/2022,252,4.38,9.2,1,0,0
02/04/2022,252,4.1,7.998,1,0,0
03/04/2022,252,4.69,8.794,1,0,0
04/04/2022,229,9.61,8.884,1,0,0
05/04/2022,230,11.99,8.523,1,0,0
06/04/2022,238,10.95,8.989,1,0,0
07/04/2022,234,9.73,9.021,1,0,0
08/04/2022,210,6.83,9.256,1,0,0
09/04/2022,210,7.09,10.206,1,0,0
10/04/2022,210,7.75,10.378,1,0,0
11/04/2022,186,11.82,10.082,1,0,0
12/04/2022,185,13.45,9.881,1,0,0
13/04/2022,200,13.72,9.683,1,0,0
14/04/2022,110,13.26,9.105,1,0,0
15/04/2022,110,15.12,10.417,1,0,0
16/04/2022,110,13.76,10.246,1,0,0
17/04/2022,110,13.06,9.843,1,0,0
18/04/2022,110,12.55,10.547,1,0,0
19/04/2022,161.5,11.81,10.534,1,0,0
20/04/2022,143,12.33,11.287,1,0,0
21/04/2022,137.5,12.73,11.532,1,0,0
22/04/2022,135.03,11.77,11.934,1,0,0
23/04/2022,135.03,12.93,11.792,1,0,0
24/04/2022,135.03,12.71,11.527,1,0,0
25/04/2022,118,9.79,11.787,1,0,0
26/04/2022,150,10.45,10.483,1,0,0
27/04/2022,121,9.13,9.579,1,0,0
28/04/2022,114,10.2,9.231,1,0,0
29/04/2022,90,8.99,9.098,1,0,0
30/04/2022,90,10.95,9.592,1,0,0
01/05/2022,90,11.85,10.289,1,0,0
02/05/2022,91,12.47,10.291,1,0,0
03/05/2022,114,12.88,10.864,1,0,0
04/05/2022,106,13.45,10.639,1,0,0
05/05/2022,102,13.88,11.376,1,0,0
06/05/2022,70,15.11,11.519,1,0,0
07/05/2022,70,14.88,12.319,1,0,0
08/05/2022,70,13.8,13.617,1,0,0
09/05/2022,40,14.94,14.098,1,0,0
10/05/2022,38,16.01,13.808,1,0,0
11/05/2022,46.5,13.61,13.136,1,0,0
12/05/2022,40,13.05,12.562,1,0,0
13/05/2022,70,14.97,12.34,1,0,0
14/05/2022,70,15.39,12.012,1,0,0
15/05/2022,70,15.47,11.33,1,0,0
16/05/2022,95,16.5,12.152,1,0,0
17/05/2022,82.5,18.71,13.204,1,0,0
18/05/2022,97,17.36,12.81,1,0,0
19/05/2022,87.5,17.32,13.157,1,0,0
20/05/2022,109,14.09,13.977,1,0,0
21/05/2022,109,15.02,14.147,1,0,0
22/05/2022,109,16.74,14.749,1,0,0
23/05/2022,126.5,14.51,15.274,1,0,0
24/05/2022,119,13.27,14.151,1,0,0
25/05/2022,100.5,13.7,14.568,1,0,0
26/05/2022,87,15.58,15.156,1,0,0
27/05/2022,140,16.34,16.163,1,0,0
28/05/2022,140,13.93,16.229,1,0,0
29/05/2022,140,12.25,15.388,1,0,0
30/05/2022,150,10.14,14.737,1,0,0
31/05/2022,130,11.57,15.416,1,0,0
01/06/2022,98,12.96,15.959,1,0,0
02/06/2022,98,14.95,16.711,1,0,0
03/06/2022,98,17.11,16.757,1,0,0
04/06/2022,98,15.54,15.389,1,0,0
05/06/2022,98,12.82,14.248,1,0,0
06/06/2022,128,14.22,14.86,1,0,0
07/06/2022,120,16.38,15.091,1,0,0
08/06/2022,86,17.45,15.683,1,0,0
09/06/2022,12,16,15.817,1,0,0
10/06/2022,90,18.57,15.717,1,0,0
11/06/2022,90,17.44,15.681,1,0,0
12/06/2022,90,16.65,16.394,1,0,0
13/06/2022,149,16.25,16.234,1,0,0
14/06/2022,166,18.1,16.788,1,0,0
15/06/2022,226,20.35,17.023,1,0,0
16/06/2022,95,21.85,16.329,1,0,0
17/06/2022,150,24.38,16.546,1,0,0
18/06/2022,150,18.49,17.455,1,0,0
19/06/2022,150,14.59,17.174,1,0,0
20/06/2022,165,17.03,17.715,1,0,0
21/06/2022,195,18.63,17.797,1,0,0
22/06/2022,177,20.4,17.323,1,0,0
23/06/2022,174,19.33,16.72,1,0,0
24/06/2022,147,17.97,17.642,1,0,0
25/06/2022,147,16.25,18.465,1,0,0
26/06/2022,147,16.42,18.833,1,0,0
27/06/2022,142,15.58,18.526,1,0,0
28/06/2022,158,16.48,17.705,1,0,0
29/06/2022,162,16.84,17.196,1,0,0
30/06/2022,157,15.76,17.442,1,0,0
01/07/2022,161.5,16.05,18.02,1,0,0
02/07/2022,161.5,16.86,18.718,1,0,0
03/07/2022,161.5,17.45,17.857,1,0,0
04/07/2022,229,17.6,18.342,1,0,0
05/07/2022,264,17.54,18.854,1,0,0
06/07/2022,175,19.12,19.16,1,0,0
07/07/2022,222,20.06,18.909,1,0,0
08/07/2022,175,21.76,18.907,1,0,0
09/07/2022,175,21.58,18.803,1,0,0
10/07/2022,175,22.05,19.144,1,0,0
11/07/2022,221,24.1,18.223,1,0,0
12/07/2022,247,25.08,17.363,1,0,0
13/07/2022,277,24.04,17.794,1,0,0
14/07/2022,220,20.15,18.803,1,0,0
15/07/2022,175,20.02,18.699,1,0,0
16/07/2022,175,21.55,18.833,1,0,0
17/07/2022,175,23.45,20.298,1,0,0
18/07/2022,167,27.25,21.15,1,0,0
19/07/2022,187,29.38,20.873,1,0,0
20/07/2022,251.5,21.68,20.674,1,0,0
21/07/2022,285.25,19.84,19.881,1,0,0
22/07/2022,263,19.3,19.651,1,0,0
23/07/2022,263,20.44,20.479,1,0,0
24/07/2022,263,22.1,20.968,1,0,0
25/07/2022,257,20.04,20.452,1,0,0
26/07/2022,335,17.92,20.719,1,0,0
27/07/2022,350,17.99,20.054,1,0,0
28/07/2022,320,19.48,19.248,1,0,0
29/07/2022,262,20.93,17.736,1,0,0
30/07/2022,262,21.17,17.746,1,0,0
31/07/2022,262,22.51,18.002,1,0,0
01/08/2022,269,21.97,18.815,1,0,0
02/08/2022,245,21.98,18.857,1,0,0
03/08/2022,285,21.58,18.922,1,0,0
04/08/2022,257,20.33,19.158,1,0,0
05/08/2022,275,18.65,18.727,1,0,0
06/08/2022,275,18.43,18.556,1,0,0
07/08/2022,275,20.49,19.269,1,0,0
08/08/2022,280,22.17,19.414,1,0,0
09/08/2022,286,21.64,19.09,1,0,0
10/08/2022,252,22.43,18.355,1,0,0
11/08/2022,341,24.23,18.545,1,0,0
12/08/2022,365,25.07,18.631,1,0,0
13/08/2022,365,25.78,18.84,1,0,0
14/08/2022,365,25.65,18.192,1,0,0
15/08/2022,376,23.53,17.977,1,0,0
16/08/2022,360,20.33,18.297,1,0,0
17/08/2022,374,19.04,17.527,1,0,0
18/08/2022,378.5,21.19,18.195,1,0,0
19/08/2022,361,20.72,18.433,1,0,0
20/08/2022,361,18.84,17.727,1,0,0
21/08/2022,361,19.01,17.835,1,0,0
22/08/2022,484,18.57,18.336,1,0,0
23/08/2022,400,21.08,18.752,1,0,0
24/08/2022,507.5,23.33,18.559,1,0,0
25/08/2022,525,19,17.414,1,0,0
26/08/2022,550,18.3,17.958,1,0,0
27/08/2022,550,19.78,18.441,1,0,0
28/08/2022,550,18.76,17.948,1,0,0
29/08/2022,550,18.57,17.854,1,0,0
30/08/2022,415,18.64,16.994,1,0,0
31/08/2022,295,18.87,16.56,1,0,0
01/09/2022,350,18.82,15.674,1,0,0
02/09/2022,150,19.43,16.069,1,0,0
03/09/2022,150,18.85,16.362,1,0,0
04/09/2022,150,19.67,17.177,1,0,0
05/09/2022,256,19.2,17.275,1,0,0
06/09/2022,160,17.65,16.995,1,0,0
07/09/2022,250,17.2,16.364,1,0,0
08/09/2022,360,15.64,16.577,1,0,0
09/09/2022,335,16.73,16.406,1,0,0
10/09/2022,335,16.69,16.255,1,0,0
11/09/2022,335,17.3,16.056,1,0,0
12/09/2022,325,19.89,15.94,1,0,0
13/09/2022,364,17.45,16.049,1,0,0
14/09/2022,381,17.11,16.449,1,0,0
15/09/2022,296,15.23,16.081,1,0,0
16/09/2022,275,13.18,16.201,1,0,0
17/09/2022,275,11.65,15.829,1,0,0
18/09/2022,275,13.14,15.468,1,0,0
19/09/2022,251,14.13,15.767,1,0,0
20/09/2022,255,14.4,15.423,1,0,0
21/09/2022,237,16.38,15.681,1,0,0
22/09/2022,254,14.93,15.361,1,0,0
23/09/2022,215,15.67,14.365,1,0,0
24/09/2022,215,13.56,13.966,1,0,0
25/09/2022,215,12.55,14.606,1,0,0
26/09/2022,180,12.74,14.424,1,0,0
27/09/2022,200,10.81,14.579,1,0,0
28/09/2022,232,9.81,14.762,1,0,0
29/09/2022,180,10.31,14.825,1,0,0
30/09/2022,175,11.5,14.463,1,0,0
01/10/2022,175,15.23,13.716,1,0,0
02/10/2022,175,14.5,14.145,1,0,0
03/10/2022,154.75,12.06,13.698,1,0,0
04/10/2022,130,15.48,13.068,1,0,0
05/10/2022,122,15.73,13.042,1,0,0
06/10/2022,176,12.83,13.569,1,0,0
07/10/2022,170,14.47,12.615,1,0,0
08/10/2022,170,11.33,12.511,1,0,0
09/10/2022,170,10.63,13.455,1,0,0
10/10/2022,160,11.68,12.316,1,0,0
11/10/2022,172,9.03,12.137,1,0,0
12/10/2022,182.1,11.09,12.856,1,0,0
13/10/2022,130,13.48,12.02,1,0,0
14/10/2022,93.5,12.25,12.353,1,0,0
15/10/2022,93.5,12.15,11.821,1,0,0
16/10/2022,93.5,13.6,11.755,1,0,0
17/10/2022,58,15.78,12.751,1,0,0
18/10/2022,20,11.56,12.765,1,0,0
19/10/2022,59,14.04,12.878,1,0,0
20/10/2022,96,14.4,13.287,1,0,0
21/10/2022,60,14.26,12.521,1,0,0
22/10/2022,60,14.78,12.327,1,0,0
23/10/2022,60,14.88,11.693,1,0,0
24/10/2022,43,14.1,12.035,1,0,0
25/10/2022,31,13.69,12.935,1,0,0
26/10/2022,54,16.03,11.775,1,0,0
27/10/2022,65,16.07,11.799,1,0,0
28/10/2022,82,15.35,10.808,1,0,0
29/10/2022,82,15.95,10.641,1,0,0
30/10/2022,82,14.24,10.917,1,0,0
31/10/2022,67.5,13.69,10.676,1,0,0
01/11/2022,50,12.39,11.37,1,0,0
02/11/2022,129.5,11.95,10.979,1,0,0
03/11/2022,118,10.22,9.389,1,0,0
04/11/2022,109,8.78,8.363,1,0,0
05/11/2022,109,10.23,8.327,1,0,0
06/11/2022,109,12.28,7.874,1,0,0
07/11/2022,85,13.17,8.872,1,0,0
08/11/2022,97,12.95,9.769,1,0,0
09/11/2022,92,11.54,8.584,1,0,0
10/11/2022,92,12.95,9.324,1,0,0
11/11/2022,98,14.33,9.846,1,0,0
12/11/2022,98,12.04,9.636,1,0,0
13/11/2022,98,11.6,9.868,1,0,0
14/11/2022,100,10.85,9.101,1,0,0
15/11/2022,112.5,10.85,10.076,1,0,0
16/11/2022,80,9.66,10.077,1,0,0
17/11/2022,104,9.82,9.232,1,0,0
18/11/2022,104,9.54,9.096,1,0,0
19/11/2022,104,7.91,8.245,1,0,0
20/11/2022,104,7.45,6.929,1,0,0
21/11/2022,111.5,6.42,7.392,1,0,0
22/11/2022,117,6.42,7.32,1,0,0
23/11/2022,121,8.4,8.131,1,0,0
24/11/2022,154,9.21,7.047,1,0,0
25/11/2022,153,9.09,7.38,1,0,0
26/11/2022,153,10.21,7.289,1,0,0
27/11/2022,153,11.33,6.982,1,0,0
28/11/2022,279,7.3,7.377,1,0,0
29/11/2022,319,6.25,7.47,1,0,0
30/11/2022,325,6.73,6.43,1,0,0
01/12/2022,335,5.05,5.944,1,0,0
02/12/2022,327,5.51,6.175,1,0,0
03/12/2022,327,6.02,6.288,1,0,0
04/12/2022,327,4.68,7.205,1,0,0
05/12/2022,336,6,5.404,1,1,0
06/12/2022,344,4.79,6.043,1,1,0
07/12/2022,381.5,2.36,6.887,1,1,0
08/12/2022,346.5,-0.52,7.652,1,1,0
09/12/2022,360,-0.3,6.934,1,1,0
10/12/2022,360,-1.32,6.876,1,1,0
11/12/2022,360,-1.8,6.734,1,1,0
12/12/2022,341,-0.03,5.174,1,1,0
13/12/2022,344,-0.55,5.913,1,1,0
14/12/2022,331,-0.68,6.467,1,1,0
15/12/2022,343,-2.33,7.245,1,1,0
16/12/2022,282,-2.16,8.17,1,1,0
17/12/2022,282,-1.41,8.246,1,1,0
18/12/2022,282,2.59,7.922,1,1,0
19/12/2022,245,12.27,8.649,1,1,0
20/12/2022,228,9.45,7.942,1,1,0
21/12/2022,204,7.88,7.888,1,1,0
22/12/2022,194,8.98,9.143,1,1,0
23/12/2022,155,9.7,9.185,1,1,0
24/12/2022,155,8.69,9.681,1,1,0
25/12/2022,155,10.12,8.165,1,1,0
26/12/2022,155,6.62,6.891,1,1,0
27/12/2022,155,6.75,7.141,1,1,0
28/12/2022,155.75,10.6,6.581,1,1,0
29/12/2022,169,8.39,5.88,1,1,0
30/12/2022,180,10.03,6.368,1,1,0
31/12/2022,180,12.6,7.301,1,1,0
01/01/2023,180,10.38,7.687,1,1,0
02/01/2023,180,5.48,7.056,1,1,0
03/01/2023,150,8.4,7.35,1,1,0
04/01/2023,134,12.55,6.881,1,1,0
05/01/2023,146,11.49,5.699,1,1,0
06/01/2023,160.03,9.81,5.608,1,1,0
07/01/2023,160.03,10.31,5.873,1,1,0
08/01/2023,160.03,7.02,6.697,1,1,0
09/01/2023,175,6.59,7.215,1,1,0
10/01/2023,155.5,9,6.972,1,1,0
11/01/2023,155,8.84,5.42,1,1,0
12/01/2023,164.5,10.93,6.902,1,1,0
13/01/2023,158,8.13,6.368,1,1,0
14/01/2023,158,8.99,5.708,1,1,0
15/01/2023,158,5.19,4.89,1,1,0
16/01/2023,140,2.82,5.482,1,1,0
17/01/2023,149,-2.1,5.218,1,1,0
18/01/2023,160.25,0.5,3.892,1,1,0
19/01/2023,156,0.73,3.532,1,1,0
20/01/2023,173,2.88,3.805,1,1,0
21/01/2023,173,1.18,2.882,1,1,0
22/01/2023,173,-2.59,2.754,1,1,0
23/01/2023,164,-0.95,4.308,1,1,0
24/01/2023,149,2.67,4.277,1,1,0
25/01/2023,148,0.95,4.897,1,1,0
26/01/2023,142,5.18,5.021,1,1,0
27/01/2023,143,4.6,5.768,1,1,0
28/01/2023,143,4.22,7.05,1,1,0
29/01/2023,143,6.08,6.868,1,1,0
30/01/2023,141,6.78,7.437,1,1,0
31/01/2023,148,7.47,5.879,1,1,0
01/02/2023,150.5,7.67,6.03,1,1,0
02/02/2023,143.5,9.2,7.025,1,1,0
03/02/2023,153,10.23,6.738,1,1,0
04/02/2023,153,8.63,5.903,1,1,0
05/02/2023,153,5.49,6.387,1,1,1
06/02/2023,149,4.19,5.772,1,1,1
07/02/2023,148,1.55,5.844,1,1,1
08/02/2023,136.75,1.12,5.222,1,1,1
09/02/2023,133,3.85,5.989,1,1,1
10/02/2023,139.5,3.98,5.558,1,1,1
11/02/2023,139.5,8.68,4.436,1,1,1
12/02/2023,139.5,7.92,3.532,1,1,1
13/02/2023,130.5,7.51,3.812,1,1,1
14/02/2023,131.5,4.15,5.011,1,1,1
15/02/2023,135.75,7.53,5.931,1,1,1
16/02/2023,124,10.14,7.386,1,1,1
17/02/2023,120.5,12.36,7.407,1,1,1
18/02/2023,120.5,11.53,7.245,1,1,1
19/02/2023,120.5,9.6,6.67,1,1,1
20/02/2023,121.75,9.43,6.926,1,1,1
21/02/2023,123.5,8.01,8.981,1,1,1
22/02/2023,126.5,7.24,7.826,1,1,1
23/02/2023,128,6.1,7.406,1,1,1
24/02/2023,131,4.53,7.169,1,1,1
25/02/2023,131,4.88,6.761,1,1,1
26/02/2023,131,3.91,6.344,1,1,1
27/02/2023,120,4.02,5.964,1,1,1
28/02/2023,121,4.77,5.112,1,1,1
01/03/2023,126.75,5.89,5.333,1,1,1
02/03/2023,124.2,4.88,6.202,1,1,1
03/03/2023,118,5.53,5.66,1,1,1
04/03/2023,118,5.68,6.17,1,1,1
05/03/2023,118,3.9,5.956,1,1,1
06/03/2023,115,5.5,6.26,1,1,1
07/03/2023,119,2.9,6.992,1,1,1
08/03/2023,115.3,1.9,7.115,1,1,1
09/03/2023,121,6.29,8.014,1,1,1
10/03/2023,132,4.7,8.689,1,1,1
11/03/2023,132,3.18,8.506,1,1,1
12/03/2023,132,10.01,7.989,1,1,1
13/03/2023,126,12.13,7.711,1,1,1
14/03/2023,116.5,6.67,7.867,1,1,1
15/03/2023,106,4.72,8,1,1,1
16/03/2023,103,10.85,9.302,1,1,1
17/03/2023,101,11.73,8.892,1,1,1
18/03/2023,101,10.65,6.947,1,1,1
19/03/2023,101,8.54,7.334,1,1,1
20/03/2023,92.5,10.2,7.78,1,1,1
21/03/2023,97,11.18,7.803,1,1,1
22/03/2023,94,11.8,7.674,1,1,1
23/03/2023,102,11.3,7.771,1,1,1
24/03/2023,102,9.58,7.738,1,1,1
25/03/2023,102,10.52,7.421,1,1,1
26/03/2023,102,7.58,7.709,1,1,1
27/03/2023,102.2,7.22,7.68,1,1,1
28/03/2023,99,7.13,7.575,1,1,1
29/03/2023,104,11.25,8.499,1,1,1
30/03/2023,105.5,11.25,8.988,1,1,1
